client_id,name,contact_person,mobile,email,gstin,pan,city,state,billing_address,pickup_address,delivery_address,credit_limit,gst_mode,gst_pct,branch_id,since,status
CUST-0001,Shree Cement Ltd,Poonam Khan,+91 98041 37963,shreeceme@example.com,29BSWAS8018P1ZX,BSWAS8018P,Bengaluru,Karnataka,"Plot 14, GIDC, Bengaluru","Gate 4, Bengaluru","Godown 2, Jaipur",1000000,RCM,5,BR-016,2025-03-28,Active
CUST-0002,Vardhman Steels,Santosh Patel,+91 98638 20707,vardhmans@example.com,36BRZHQ3931S1ZX,BRZHQ3931S,Hyderabad,Telangana,"Plot 8, Transport Nagar, Hyderabad","Gate 5, Hyderabad","Depot 4, Ahmedabad",100000,RCM,5,BR-014,2021-10-30,Active
CUST-0003,Om Agro Traders,Devendra Sharma,+91 98644 19790,omagrotr@example.com,24OERYS4330J1ZX,OERYS4330J,Morbi,Gujarat,"Plot 84, GIDC, Morbi","Gate 4, Morbi","Warehouse 4, Kolkata",500000,RCM,5,BR-018,2021-01-17,Active
CUST-0004,Kalpana Polymers,Anil Dubey,+91 98056 17716,kalpanapo@example.com,27HPOJJ7511V1ZX,HPOJJ7511V,Nagpur,Maharashtra,"Plot 72, Transport Nagar, Nagpur","Gate 4, Nagpur","Warehouse 4, Bhopal",100000,RCM,5,BR-001,2024-09-01,Active
CUST-0005,Deccan FMCG Distributors,Kishor Sinha,+91 98521 47102,deccanfmc@example.com,24UYUIR1778Y1ZX,UYUIR1778Y,Ahmedabad,Gujarat,"Plot 7, Transport Nagar, Ahmedabad","Gate 4, Ahmedabad","Depot 1, Delhi",500000,RCM,5,BR-013,2020-08-12,Active
CUST-0006,BuildMart Traders,Amardip Yadav,+91 98393 90764,buildmart@example.com,09KDIUX9060T1ZX,KDIUX9060T,Lucknow,Uttar Pradesh,"Plot 50, MIDC, Lucknow","Gate 3, Lucknow","Depot 2, Bengaluru",300000,RCM,5,BR-012,2022-06-18,Active
CUST-0007,Sunrise Ceramics,Lata Jha,+91 98940 50444,sunrisece@example.com,27GAKWW2078E1ZX,GAKWW2078E,Nagpur,Maharashtra,"Plot 28, GIDC, Nagpur","Gate 4, Nagpur","Godown 1, Jaipur",400000,FCM,18,BR-001,2026-01-18,Active
CUST-0008,Metro Wires Pvt Ltd,Manoj Khan,+91 98855 87749,metrowire@example.com,09AHEFT2401N1ZX,AHEFT2401N,Lucknow,Uttar Pradesh,"Plot 19, Industrial Area, Lucknow","Gate 3, Lucknow","Depot 5, Morbi",200000,FCM,18,BR-012,2023-08-10,Active
CUST-0009,Kalyani Textiles Pvt Ltd,Pooja Kulkarni,+91 98274 13947,kalyanite@example.com,27FCYUV7336G1ZX,FCYUV7336G,Mumbai,Maharashtra,"Plot 18, Transport Nagar, Mumbai","Gate 5, Mumbai","Warehouse 4, Bengaluru",200000,RCM,5,BR-003,2024-06-16,Active
CUST-0010,Vishwas Engineering & Co,Kavita Pawar,+91 98330 59934,vishwasen@example.com,09WCENH8519S1ZX,WCENH8519S,Lucknow,Uttar Pradesh,"Plot 35, Transport Nagar, Lucknow","Gate 6, Lucknow","Warehouse 9, Jaipur",500000,RCM,5,BR-012,2024-09-14,Active
CUST-0011,Gokul Dairy Supplies & Co,Jaspreet Agrawal,+91 98017 52430,gokuldair@example.com,08UKKQG2761R1ZX,UKKQG2761R,Jaipur,Rajasthan,"Plot 61, GIDC, Jaipur","Gate 4, Jaipur","Godown 3, Ahmedabad",1000000,FCM,18,BR-007,2021-04-08,Active
CUST-0012,Nova Packaging & Co,Neha Mehta,+91 98186 27308,novapacka@example.com,27UXADZ6720T1ZX,UXADZ6720T,Nagpur,Maharashtra,"Plot 42, MIDC, Nagpur","Gate 4, Nagpur","Depot 1, Pune",100000,FCM,12,BR-001,2021-06-12,Active
CUST-0013,Om Steel & Alloys Corporation,Rahul Kulkarni,+91 98753 77744,omsteel@example.com,09AWNZK1603Z1ZX,AWNZK1603Z,Lucknow,Uttar Pradesh,"Plot 30, GIDC, Lucknow","Gate 1, Lucknow","Godown 5, Raipur",500000,RCM,5,BR-012,2023-05-22,Active
CUST-0014,Sagar Chemicals Ltd,Nandini Mehta,+91 98615 60712,sagarchem@example.com,23FFMES3806N1ZX,FFMES3806N,Bhopal,Madhya Pradesh,"Plot 84, Industrial Area, Bhopal","Gate 2, Bhopal","Warehouse 6, Kanpur",300000,RCM,5,BR-011,2021-06-24,Active
CUST-0015,Vishwas Engineering Enterprises,Ganesh Rathod,+91 98768 50081,vishwasen@example.com,09AZVLH2501Y1ZX,AZVLH2501Y,Kanpur,Uttar Pradesh,"Plot 6, Industrial Area, Kanpur","Gate 2, Kanpur","Godown 5, Nagpur",1000000,RCM,5,BR-009,2025-12-29,Active
CUST-0016,Konark Ceramics Enterprises,Sanjay Malhotra,+91 98668 70488,konarkcer@example.com,27AXCPI8568U1ZX,AXCPI8568U,Nagpur,Maharashtra,"Plot 7, Transport Nagar, Nagpur","Gate 5, Nagpur","Depot 1, Gurugram",200000,FCM,18,BR-001,2021-03-31,Active
CUST-0017,Raghav Agro Pvt Ltd,Devendra Deshmukh,+91 98231 90653,raghavagr@example.com,24BTZBF3490D1ZX,BTZBF3490D,Ahmedabad,Gujarat,"Plot 40, Industrial Area, Ahmedabad","Gate 3, Ahmedabad","Warehouse 6, Mumbai",1000000,FCM,12,BR-013,2020-05-08,Active
CUST-0018,Kalpana Polymers Pvt Ltd,Devendra Rathod,+91 98902 92628,kalpanapo@example.com,22ZBICN1917E1ZX,ZBICN1917E,Raipur,Chhattisgarh,"Plot 86, GIDC, Raipur","Gate 1, Raipur","Godown 6, Jaipur",400000,RCM,5,BR-006,2025-02-14,Active
CUST-0019,Vardhman Cement Corporation,Rahul Verma,+91 98324 32854,vardhmanc@example.com,27ZDOAG1717A1ZX,ZDOAG1717A,Nashik,Maharashtra,"Plot 73, GIDC, Nashik","Gate 3, Nashik","Depot 6, Hyderabad",500000,FCM,12,BR-010,2023-11-02,Active
CUST-0020,Suresh Industries Ltd,Ramesh Patil,+91 98553 58452,sureshind@example.com,27MBVDA2379W1ZX,MBVDA2379W,Nagpur,Maharashtra,"Plot 80, GIDC, Nagpur","Gate 3, Nagpur","Depot 2, Nagpur",100000,RCM,5,BR-001,2024-02-18,Active
CUST-0021,Om Agro Traders & Co,Sanjay More,+91 98274 28394,omagrotr@example.com,27TCHIX2482K1ZX,TCHIX2482K,Pune,Maharashtra,"Plot 27, Industrial Area, Pune","Gate 6, Pune","Warehouse 5, Gurugram",200000,RCM,5,BR-004,2022-11-15,Active
CUST-0022,Kalyani Textiles Industries,Lata Singh,+91 98623 90178,kalyanite@example.com,23PEIYI6402Z1ZX,PEIYI6402Z,Bhopal,Madhya Pradesh,"Plot 74, MIDC, Bhopal","Gate 3, Bhopal","Depot 9, Surat",400000,RCM,5,BR-011,2026-02-12,Active
CUST-0023,Kalyani Textiles Ltd,Alok Kale,+91 98417 91634,kalyanite@example.com,23DVBPK8201Y1ZX,DVBPK8201Y,Bhopal,Madhya Pradesh,"Plot 37, MIDC, Bhopal","Gate 4, Bhopal","Depot 2, Nashik",1000000,RCM,5,BR-011,2025-07-21,Active
CUST-0024,Metro Wires Enterprises,Devendra Agrawal,+91 98942 32310,metrowire@example.com,19WNKLK2562Z1ZX,WNKLK2562Z,Kolkata,West Bengal,"Plot 18, GIDC, Kolkata","Gate 2, Kolkata","Warehouse 3, Pune",200000,FCM,18,BR-015,2023-10-13,Active
CUST-0025,Konark Ceramics Pvt Ltd,Lata Bhosale,+91 98726 88717,konarkcer@example.com,06SUDYJ2775V1ZX,SUDYJ2775V,Gurugram,Haryana,"Plot 24, MIDC, Gurugram","Gate 6, Gurugram","Depot 8, Kolkata",1000000,RCM,5,BR-017,2020-05-22,Active
CUST-0026,Sagar Chemicals Industries,Nitin Chavan,+91 98580 25103,sagarchem@example.com,23SGMQO5641H1ZX,SGMQO5641H,Indore,Madhya Pradesh,"Plot 34, Industrial Area, Indore","Gate 5, Indore","Warehouse 5, Bhopal",200000,RCM,5,BR-005,2021-07-21,Active
CUST-0027,Vardhman Steels Ltd,Mahesh Shaikh,+91 98631 70826,vardhmans@example.com,23HLEGC3426W1ZX,HLEGC3426W,Bhopal,Madhya Pradesh,"Plot 12, MIDC, Bhopal","Gate 3, Bhopal","Warehouse 7, Jaipur",300000,RCM,5,BR-011,2020-12-19,Active
CUST-0028,Suresh Industries Pvt Ltd,Rahul Sharma,+91 98055 98902,sureshind@example.com,27YLJAG9848T1ZX,YLJAG9848T,Mumbai,Maharashtra,"Plot 65, Transport Nagar, Mumbai","Gate 6, Mumbai","Warehouse 5, Ahmedabad",300000,RCM,5,BR-003,2023-11-15,Active
CUST-0029,Sankalp Agro Ltd,Jaspreet Sharma,+91 98644 77097,sankalpag@example.com,06VYOXZ8145O1ZX,VYOXZ8145O,Gurugram,Haryana,"Plot 63, Industrial Area, Gurugram","Gate 2, Gurugram","Godown 3, Kolkata",200000,RCM,5,BR-017,2022-01-23,Active
CUST-0030,Sagar Chemicals Pvt Ltd,Meena Kulkarni,+91 98612 49239,sagarchem@example.com,19AYFIW8888T1ZX,AYFIW8888T,Kolkata,West Bengal,"Plot 41, GIDC, Kolkata","Gate 3, Kolkata","Godown 2, Gurugram",200000,FCM,12,BR-015,2023-04-16,Active
CUST-0031,Sunrise Ceramics Enterprises,Neha Sinha,+91 98159 53198,sunrisece@example.com,07YESHA5614A1ZX,YESHA5614A,Delhi,Delhi,"Plot 54, Transport Nagar, Delhi","Gate 1, Delhi","Warehouse 4, Nashik",200000,FCM,18,BR-002,2024-11-09,Active
CUST-0032,Om Agro Traders Ltd,Amardip Shaikh,+91 98915 26428,omagrotr@example.com,23WVRYY3439U1ZX,WVRYY3439U,Indore,Madhya Pradesh,"Plot 32, MIDC, Indore","Gate 1, Indore","Depot 2, Bhopal",1000000,RCM,5,BR-005,2023-01-04,Active
CUST-0033,Bhavani Traders Corporation,Bhavna Sinha,+91 98691 34979,bhavanitr@example.com,23EUUNL2841N1ZX,EUUNL2841N,Indore,Madhya Pradesh,"Plot 60, Transport Nagar, Indore","Gate 1, Indore","Depot 4, Pune",200000,RCM,5,BR-005,2021-08-21,Active
CUST-0034,Konark Ceramics Industries,Sameer Sai,+91 98947 91935,konarkcer@example.com,09DKYQD4144B1ZX,DKYQD4144B,Lucknow,Uttar Pradesh,"Plot 9, Transport Nagar, Lucknow","Gate 4, Lucknow","Warehouse 6, Raipur",1000000,RCM,5,BR-012,2024-10-01,Active
CUST-0035,Riddhi Metals Industries,Kavita Kamble,+91 98157 93769,riddhimet@example.com,24XRATO7623I1ZX,XRATO7623I,Surat,Gujarat,"Plot 74, MIDC, Surat","Gate 3, Surat","Warehouse 1, Nagpur",100000,RCM,5,BR-008,2020-09-06,Active
CUST-0036,BuildMart Traders Industries 1,Bhavna Patel,+91 98712 92065,buildmart@example.com,24JWCHE4820S1ZX,JWCHE4820S,Surat,Gujarat,"Plot 18, Industrial Area, Surat","Gate 5, Surat","Warehouse 9, Bhopal",500000,FCM,12,BR-008,2021-10-31,Active
CUST-0037,Kalpana Polymers Industries,Mahesh Khan,+91 98329 73407,kalpanapo@example.com,09TSBFD5124J1ZX,TSBFD5124J,Kanpur,Uttar Pradesh,"Plot 70, MIDC, Kanpur","Gate 6, Kanpur","Depot 4, Nashik",100000,FCM,18,BR-009,2021-05-27,Active
CUST-0038,Everest Minerals Ltd,Amardip Agrawal,+91 98684 25665,everestmi@example.com,23UGLBJ6240V1ZX,UGLBJ6240V,Indore,Madhya Pradesh,"Plot 46, MIDC, Indore","Gate 3, Indore","Warehouse 1, Pune",1000000,RCM,5,BR-005,2025-06-27,Active
CUST-0039,Sunrise Ceramics Corporation,Amit Jain,+91 98975 16432,sunrisece@example.com,36ZOLMJ6466E1ZX,ZOLMJ6466E,Hyderabad,Telangana,"Plot 18, Transport Nagar, Hyderabad","Gate 5, Hyderabad","Depot 1, Gurugram",300000,RCM,5,BR-014,2022-02-11,Active
CUST-0040,Om Steel & Alloys Enterprises,Manoj More,+91 98505 81965,omsteel@example.com,24JVHGX9977K1ZX,JVHGX9977K,Ahmedabad,Gujarat,"Plot 14, Industrial Area, Ahmedabad","Gate 6, Ahmedabad","Warehouse 5, Mumbai",1000000,FCM,18,BR-013,2025-01-30,Active
CUST-0041,Om Agro Traders Corporation,Farida Kulkarni,+91 98093 12643,omagrotr@example.com,22FWGTA5793K1ZX,FWGTA5793K,Raipur,Chhattisgarh,"Plot 67, MIDC, Raipur","Gate 2, Raipur","Depot 5, Morbi",200000,RCM,5,BR-006,2023-05-06,Active
CUST-0042,Kalpana Polymers Corporation,Amit Rathod,+91 98316 84285,kalpanapo@example.com,29DGDXE4010B1ZX,DGDXE4010B,Bengaluru,Karnataka,"Plot 65, Industrial Area, Bengaluru","Gate 1, Bengaluru","Warehouse 2, Lucknow",400000,RCM,5,BR-016,2024-12-20,Active
CUST-0043,Vardhman Steels Industries,Arun Agrawal,+91 98601 29608,vardhmans@example.com,27ZVHVT1116N1ZX,ZVHVT1116N,Nashik,Maharashtra,"Plot 12, Industrial Area, Nashik","Gate 3, Nashik","Depot 5, Lucknow",100000,RCM,5,BR-010,2024-03-22,Active
CUST-0044,Sunrise Ceramics & Co,Snehal Yadav,+91 98028 10168,sunrisece@example.com,36DAOKO5598X1ZX,DAOKO5598X,Hyderabad,Telangana,"Plot 21, Transport Nagar, Hyderabad","Gate 5, Hyderabad","Depot 5, Ahmedabad",400000,RCM,5,BR-014,2023-01-07,Active
CUST-0045,Bhavani Traders Enterprises,Suresh Malhotra,+91 98703 70758,bhavanitr@example.com,06GGFNA8917P1ZX,GGFNA8917P,Gurugram,Haryana,"Plot 30, MIDC, Gurugram","Gate 4, Gurugram","Warehouse 3, Lucknow",400000,FCM,12,BR-017,2021-09-08,Active
CUST-0046,Sankalp Agro Pvt Ltd,Nandini Jha,+91 98594 45184,sankalpag@example.com,24GIWFS5525W1ZX,GIWFS5525W,Morbi,Gujarat,"Plot 12, MIDC, Morbi","Gate 3, Morbi","Warehouse 8, Pune",400000,RCM,5,BR-018,2021-11-04,Active
CUST-0047,Sunrise Ceramics Corporation 1,Prakash Agrawal,+91 98395 60851,sunrisece@example.com,08OBGZR4798C1ZX,OBGZR4798C,Jaipur,Rajasthan,"Plot 71, GIDC, Jaipur","Gate 2, Jaipur","Depot 2, Kolkata",1000000,RCM,5,BR-007,2020-11-23,Active
CUST-0048,Everest Minerals Corporation,Devendra Mehta,+91 98789 77378,everestmi@example.com,23PPUSU2074Y1ZX,PPUSU2074Y,Indore,Madhya Pradesh,"Plot 12, Transport Nagar, Indore","Gate 2, Indore","Godown 8, Surat",1000000,RCM,5,BR-005,2022-09-06,Active
CUST-0049,Everest Minerals Ltd 1,Deepak Pawar,+91 98190 15853,everestmi@example.com,29XIYFV8069V1ZX,XIYFV8069V,Bengaluru,Karnataka,"Plot 52, Transport Nagar, Bengaluru","Gate 3, Bengaluru","Godown 1, Bengaluru",200000,RCM,5,BR-016,2021-10-25,Active
CUST-0050,Ashoka Plastics Ltd,Bhavna Wankhede,+91 98791 44679,ashokapla@example.com,36JDNOW6951Z1ZX,JDNOW6951Z,Hyderabad,Telangana,"Plot 49, MIDC, Hyderabad","Gate 1, Hyderabad","Depot 9, Nashik",500000,RCM,5,BR-014,2023-01-15,Active
CUST-0051,Everest Minerals Enterprises,Ravi Kulkarni,+91 98050 71578,everestmi@example.com,24WUCZS9949S1ZX,WUCZS9949S,Morbi,Gujarat,"Plot 43, Transport Nagar, Morbi","Gate 6, Morbi","Warehouse 1, Delhi",300000,FCM,18,BR-018,2025-03-24,Active
CUST-0052,Trimurti Foods Pvt Ltd,Sameer Gupta,+91 98150 67007,trimurtif@example.com,07ZUHCL3437C1ZX,ZUHCL3437C,Delhi,Delhi,"Plot 21, MIDC, Delhi","Gate 6, Delhi","Warehouse 9, Nashik",400000,RCM,5,BR-002,2022-10-16,Active
CUST-0053,Vishwas Engineering Enterprises 1,Bhavna Malhotra,+91 98552 95623,vishwasen@example.com,27QDAYU4952C1ZX,QDAYU4952C,Nashik,Maharashtra,"Plot 77, MIDC, Nashik","Gate 4, Nashik","Warehouse 6, Nashik",200000,RCM,5,BR-010,2024-12-07,Active
CUST-0054,Vardhman Cement Enterprises 1,Alok Deshmukh,+91 98475 70873,vardhmanc@example.com,23HJVON8549M1ZX,HJVON8549M,Bhopal,Madhya Pradesh,"Plot 27, Transport Nagar, Bhopal","Gate 2, Bhopal","Warehouse 6, Jaipur",100000,RCM,5,BR-011,2023-12-23,Active
CUST-0055,Vardhman Cement Ltd,Yogesh Chauhan,+91 98425 24163,vardhmanc@example.com,27TXPFY3788O1ZX,TXPFY3788O,Nashik,Maharashtra,"Plot 41, GIDC, Nashik","Gate 3, Nashik","Godown 6, Indore",200000,RCM,5,BR-010,2021-01-31,Active
CUST-0056,Sunrise Ceramics & Co 1,Vikram Dubey,+91 98838 16069,sunrisece@example.com,23PZWJL5685W1ZX,PZWJL5685W,Indore,Madhya Pradesh,"Plot 23, MIDC, Indore","Gate 3, Indore","Warehouse 1, Gurugram",300000,FCM,18,BR-005,2025-12-21,Active
CUST-0057,Sunrise Ceramics & Co 2,Arun Verma,+91 98118 90154,sunrisece@example.com,22KHCRL3921Z1ZX,KHCRL3921Z,Raipur,Chhattisgarh,"Plot 44, Industrial Area, Raipur","Gate 4, Raipur","Warehouse 9, Surat",100000,FCM,18,BR-006,2023-01-25,Active
CUST-0058,Trimurti Foods Corporation,Bhavna Shaikh,+91 98492 73170,trimurtif@example.com,08IPHKD4068F1ZX,IPHKD4068F,Jaipur,Rajasthan,"Plot 17, Industrial Area, Jaipur","Gate 2, Jaipur","Depot 6, Nashik",400000,RCM,5,BR-007,2023-12-02,Active
CUST-0059,Shree Cement Pvt Ltd,Raghunath Rathod,+91 98341 51624,shreeceme@example.com,09HKVQI3635U1ZX,HKVQI3635U,Kanpur,Uttar Pradesh,"Plot 7, Industrial Area, Kanpur","Gate 3, Kanpur","Warehouse 2, Morbi",100000,RCM,5,BR-009,2025-10-21,Active
CUST-0060,Metro Wires Pvt Ltd,Manoj Malhotra,+91 98380 24719,metrowire@example.com,24KNOHD4368L1ZX,KNOHD4368L,Surat,Gujarat,"Plot 28, GIDC, Surat","Gate 3, Surat","Godown 2, Mumbai",200000,RCM,5,BR-008,2020-09-24,Active
CUST-0061,Riddhi Metals Pvt Ltd,Devendra Yadav,+91 98953 45113,riddhimet@example.com,23IBIKI4432V1ZX,IBIKI4432V,Bhopal,Madhya Pradesh,"Plot 54, Transport Nagar, Bhopal","Gate 5, Bhopal","Warehouse 4, Kanpur",200000,FCM,12,BR-011,2022-04-18,Active
CUST-0062,Sagar Chemicals Pvt Ltd 1,Neha Dubey,+91 98889 46942,sagarchem@example.com,06PPFNR9873Y1ZX,PPFNR9873Y,Gurugram,Haryana,"Plot 76, GIDC, Gurugram","Gate 4, Gurugram","Godown 4, Nagpur",500000,FCM,18,BR-017,2022-11-01,Active
CUST-0063,Metro Wires Ltd,Lata Patil,+91 98147 84460,metrowire@example.com,29YXZZD7856N1ZX,YXZZD7856N,Bengaluru,Karnataka,"Plot 24, Industrial Area, Bengaluru","Gate 1, Bengaluru","Godown 5, Delhi",1000000,RCM,5,BR-016,2021-09-22,Active
CUST-0064,Trimurti Foods Pvt Ltd 1,Amardip Gupta,+91 98738 92021,trimurtif@example.com,27TIHQI5731V1ZX,TIHQI5731V,Nashik,Maharashtra,"Plot 17, Industrial Area, Nashik","Gate 1, Nashik","Warehouse 1, Jaipur",200000,FCM,12,BR-010,2024-08-04,Active
CUST-0065,Trimurti Foods Pvt Ltd 2,Amardip Dubey,+91 98893 61275,trimurtif@example.com,09BPZDU3460P1ZX,BPZDU3460P,Kanpur,Uttar Pradesh,"Plot 30, Transport Nagar, Kanpur","Gate 4, Kanpur","Depot 9, Bhopal",200000,RCM,5,BR-009,2021-07-19,Active
CUST-0066,Konark Ceramics Corporation,Lata Gupta,+91 98330 96257,konarkcer@example.com,27EOVIT6590P1ZX,EOVIT6590P,Pune,Maharashtra,"Plot 42, MIDC, Pune","Gate 5, Pune","Godown 3, Nashik",200000,RCM,5,BR-004,2024-08-04,Active
CUST-0067,Trimurti Foods Corporation 1,Mahesh More,+91 98021 84218,trimurtif@example.com,27QQMQL1700Y1ZX,QQMQL1700Y,Pune,Maharashtra,"Plot 52, Transport Nagar, Pune","Gate 1, Pune","Godown 6, Gurugram",300000,RCM,5,BR-004,2025-12-28,Active
CUST-0068,Vardhman Steels Corporation,Jaspreet Kale,+91 98392 88253,vardhmans@example.com,19QTNUO5898V1ZX,QTNUO5898V,Kolkata,West Bengal,"Plot 49, GIDC, Kolkata","Gate 4, Kolkata","Depot 5, Morbi",100000,RCM,5,BR-015,2020-09-10,Active
CUST-0069,Om Steel & Alloys Enterprises 1,Farida Verma,+91 98678 23957,omsteel@example.com,29ZCMPQ7416G1ZX,ZCMPQ7416G,Bengaluru,Karnataka,"Plot 32, Industrial Area, Bengaluru","Gate 1, Bengaluru","Warehouse 6, Delhi",400000,RCM,5,BR-016,2024-12-22,Active
CUST-0070,Sunrise Ceramics Enterprises 1,Jignesh Nair,+91 98800 51851,sunrisece@example.com,23YDVFA2450G1ZX,YDVFA2450G,Bhopal,Madhya Pradesh,"Plot 90, Industrial Area, Bhopal","Gate 1, Bhopal","Godown 2, Lucknow",400000,FCM,12,BR-011,2023-05-15,Active
CUST-0071,Ashoka Plastics Industries,Suresh Kale,+91 98108 61586,ashokapla@example.com,22CSCSG2860L1ZX,CSCSG2860L,Raipur,Chhattisgarh,"Plot 75, MIDC, Raipur","Gate 3, Raipur","Warehouse 3, Kanpur",500000,FCM,18,BR-006,2023-04-29,Active
CUST-0072,Pinnacle Hardware & Co,Neha Chauhan,+91 98589 95314,pinnacleh@example.com,23TMYNB6774U1ZX,TMYNB6774U,Indore,Madhya Pradesh,"Plot 41, GIDC, Indore","Gate 3, Indore","Depot 7, Indore",200000,RCM,5,BR-005,2025-11-01,Active
CUST-0073,BuildMart Traders Industries 2,Kavita Bhosale,+91 98117 30426,buildmart@example.com,27WNIWR9165F1ZX,WNIWR9165F,Pune,Maharashtra,"Plot 36, GIDC, Pune","Gate 4, Pune","Warehouse 6, Kolkata",300000,FCM,12,BR-004,2023-10-14,Active
CUST-0074,Raghav Agro Pvt Ltd 1,Kavita Kulkarni,+91 98203 74017,raghavagr@example.com,08FWPBH2622K1ZX,FWPBH2622K,Jaipur,Rajasthan,"Plot 73, Industrial Area, Jaipur","Gate 1, Jaipur","Depot 8, Raipur",1000000,RCM,5,BR-007,2021-03-18,Active
CUST-0075,Pinnacle Hardware & Co 1,Shalini Singh,+91 98329 40172,pinnacleh@example.com,22HTYJQ3643B1ZX,HTYJQ3643B,Raipur,Chhattisgarh,"Plot 64, MIDC, Raipur","Gate 3, Raipur","Depot 5, Jaipur",100000,FCM,18,BR-006,2022-01-20,Active
CUST-0076,Metro Wires Enterprises 1,Ravi More,+91 98287 35924,metrowire@example.com,23BDYGR6670B1ZX,BDYGR6670B,Indore,Madhya Pradesh,"Plot 53, Industrial Area, Indore","Gate 5, Indore","Warehouse 8, Kolkata",500000,RCM,5,BR-005,2026-01-01,Active
CUST-0077,Kalpana Polymers Ltd,Shalini Singh,+91 98886 13983,kalpanapo@example.com,07LBADF1499U1ZX,LBADF1499U,Delhi,Delhi,"Plot 54, Transport Nagar, Delhi","Gate 5, Delhi","Depot 3, Surat",1000000,RCM,5,BR-002,2024-05-05,Active
CUST-0078,Bhavani Traders Ltd 1,Meena Nair,+91 98399 44337,bhavanitr@example.com,09CECRG3505Y1ZX,CECRG3505Y,Lucknow,Uttar Pradesh,"Plot 66, Industrial Area, Lucknow","Gate 6, Lucknow","Depot 2, Jaipur",100000,FCM,18,BR-012,2023-05-22,Active
CUST-0079,Om Steel & Alloys Corporation 1,Nitin Shaikh,+91 98918 72328,omsteel@example.com,24OBWOM2485R1ZX,OBWOM2485R,Morbi,Gujarat,"Plot 54, Transport Nagar, Morbi","Gate 4, Morbi","Depot 1, Morbi",300000,RCM,5,BR-018,2021-11-08,Active
CUST-0080,Riddhi Metals Industries 1,Tarun Chavan,+91 98782 16888,riddhimet@example.com,09KDXCT5909Z1ZX,KDXCT5909Z,Lucknow,Uttar Pradesh,"Plot 60, GIDC, Lucknow","Gate 6, Lucknow","Depot 3, Mumbai",500000,RCM,5,BR-012,2022-02-06,Active
CUST-0081,Vardhman Steels Corporation 1,Sameer Kamble,+91 98656 57151,vardhmans@example.com,27HDLGA4711A1ZX,HDLGA4711A,Nashik,Maharashtra,"Plot 71, MIDC, Nashik","Gate 4, Nashik","Depot 3, Delhi",300000,RCM,5,BR-010,2025-07-10,Active
CUST-0082,Vishwas Engineering Pvt Ltd,Devendra Sinha,+91 98810 12640,vishwasen@example.com,09PNXUL9908O1ZX,PNXUL9908O,Lucknow,Uttar Pradesh,"Plot 51, GIDC, Lucknow","Gate 2, Lucknow","Warehouse 6, Hyderabad",500000,RCM,5,BR-012,2022-04-01,Active
CUST-0083,Konark Ceramics Corporation 1,Arun Joshi,+91 98537 37609,konarkcer@example.com,09ZHEYT1153U1ZX,ZHEYT1153U,Kanpur,Uttar Pradesh,"Plot 28, Industrial Area, Kanpur","Gate 2, Kanpur","Depot 4, Lucknow",300000,RCM,5,BR-009,2023-11-01,Active
CUST-0084,Suresh Industries Pvt Ltd 1,Imran Kulkarni,+91 98876 13376,sureshind@example.com,22ZLPLW5776T1ZX,ZLPLW5776T,Raipur,Chhattisgarh,"Plot 77, Industrial Area, Raipur","Gate 4, Raipur","Depot 1, Hyderabad",500000,RCM,5,BR-006,2020-12-10,Active
CUST-0085,Deccan FMCG Distributors Ltd,Mahesh Agrawal,+91 98756 54083,deccanfmc@example.com,24YWWSU1782K1ZX,YWWSU1782K,Surat,Gujarat,"Plot 51, Transport Nagar, Surat","Gate 1, Surat","Warehouse 1, Bengaluru",400000,RCM,5,BR-008,2021-03-15,Active
CUST-0086,Sagar Chemicals Industries 1,Ravi Jha,+91 98761 97658,sagarchem@example.com,24CJJWE7079W1ZX,CJJWE7079W,Surat,Gujarat,"Plot 88, Industrial Area, Surat","Gate 1, Surat","Warehouse 6, Raipur",200000,RCM,5,BR-008,2021-08-23,Active
CUST-0087,Raghav Agro Ltd,Shalini Kale,+91 98053 22913,raghavagr@example.com,24VBAGP3847G1ZX,VBAGP3847G,Surat,Gujarat,"Plot 84, Industrial Area, Surat","Gate 1, Surat","Depot 3, Pune",200000,RCM,5,BR-008,2023-02-07,Active
CUST-0088,Kalyani Textiles Ltd 1,Santosh Rao,+91 98670 29854,kalyanite@example.com,27LGBAE7423P1ZX,LGBAE7423P,Nagpur,Maharashtra,"Plot 55, Transport Nagar, Nagpur","Gate 6, Nagpur","Godown 4, Nagpur",400000,RCM,5,BR-001,2023-09-09,Active
CUST-0089,Ashoka Plastics Industries 1,Jignesh Jha,+91 98871 59142,ashokapla@example.com,06OVALB2474P1ZX,OVALB2474P,Gurugram,Haryana,"Plot 33, MIDC, Gurugram","Gate 6, Gurugram","Godown 2, Pune",400000,RCM,5,BR-017,2023-10-28,Active
CUST-0090,Trimurti Foods & Co,Suraj More,+91 98673 82597,trimurtif@example.com,24FYAUB7119W1ZX,FYAUB7119W,Morbi,Gujarat,"Plot 64, Industrial Area, Morbi","Gate 5, Morbi","Depot 8, Nashik",400000,RCM,5,BR-018,2026-01-06,Active
CUST-0091,Om Agro Traders & Co 1,Kishor Rathod,+91 98784 61864,omagrotr@example.com,27IVNGZ3888N1ZX,IVNGZ3888N,Nagpur,Maharashtra,"Plot 37, GIDC, Nagpur","Gate 4, Nagpur","Godown 6, Bengaluru",500000,RCM,5,BR-001,2023-06-04,Active
CUST-0092,Om Steel & Alloys Enterprises 2,Vikas Singh,+91 98785 58556,omsteel@example.com,07BTYVP6770M1ZX,BTYVP6770M,Delhi,Delhi,"Plot 49, Industrial Area, Delhi","Gate 6, Delhi","Warehouse 2, Jaipur",300000,RCM,5,BR-002,2024-04-25,Active
CUST-0093,Kalyani Textiles & Co,Yogesh Bhosale,+91 98038 75523,kalyanite@example.com,27LFSJG2252T1ZX,LFSJG2252T,Nagpur,Maharashtra,"Plot 41, Industrial Area, Nagpur","Gate 2, Nagpur","Depot 5, Hyderabad",100000,FCM,12,BR-001,2024-01-24,Active
CUST-0094,Vishwas Engineering Industries,Vikas Sharma,+91 98408 67509,vishwasen@example.com,07CEOUK1084Q1ZX,CEOUK1084Q,Delhi,Delhi,"Plot 49, Transport Nagar, Delhi","Gate 1, Delhi","Godown 7, Indore",400000,RCM,5,BR-002,2024-10-24,Active
CUST-0095,Everest Minerals Pvt Ltd,Nitin Pawar,+91 98944 46070,everestmi@example.com,06LNART7403I1ZX,LNART7403I,Gurugram,Haryana,"Plot 54, Transport Nagar, Gurugram","Gate 5, Gurugram","Depot 4, Kanpur",500000,FCM,18,BR-017,2023-10-16,Active
CUST-0096,Everest Minerals & Co,Pooja Chauhan,+91 98547 25378,everestmi@example.com,27RFAAQ7579W1ZX,RFAAQ7579W,Nashik,Maharashtra,"Plot 34, GIDC, Nashik","Gate 4, Nashik","Godown 4, Lucknow",400000,RCM,5,BR-010,2020-10-22,Active
CUST-0097,Ashoka Plastics Ltd 1,Poonam Kulkarni,+91 98680 29782,ashokapla@example.com,27NRCLV6639M1ZX,NRCLV6639M,Nagpur,Maharashtra,"Plot 17, GIDC, Nagpur","Gate 4, Nagpur","Depot 5, Gurugram",400000,RCM,5,BR-001,2026-01-29,Active
CUST-0098,Raghav Agro Ltd 1,Manoj Bhosale,+91 98521 51709,raghavagr@example.com,27XZFEX8433C1ZX,XZFEX8433C,Nagpur,Maharashtra,"Plot 10, MIDC, Nagpur","Gate 5, Nagpur","Godown 2, Morbi",200000,RCM,5,BR-001,2024-11-20,Active
CUST-0099,Shree Cement & Co,Suraj Patel,+91 98825 88631,shreeceme@example.com,27ARNOR4736P1ZX,ARNOR4736P,Nashik,Maharashtra,"Plot 26, MIDC, Nashik","Gate 3, Nashik","Godown 4, Hyderabad",400000,RCM,5,BR-010,2024-02-25,Active
CUST-0100,Vardhman Steels Enterprises,Farida Kale,+91 98534 47847,vardhmans@example.com,08ZWXRK4015S1ZX,ZWXRK4015S,Jaipur,Rajasthan,"Plot 21, Transport Nagar, Jaipur","Gate 4, Jaipur","Godown 1, Nagpur",400000,FCM,12,BR-007,2023-05-25,Active
CUST-0101,Gokul Dairy Supplies Corporation,Snehal Mehta,+91 98310 11774,gokuldair@example.com,24HJVNY8666F1ZX,HJVNY8666F,Surat,Gujarat,"Plot 29, GIDC, Surat","Gate 2, Surat","Depot 3, Nashik",400000,RCM,5,BR-008,2021-04-29,Active
CUST-0102,Riddhi Metals Ltd,Anil Chavan,+91 98474 31203,riddhimet@example.com,24RYZKN6374O1ZX,RYZKN6374O,Morbi,Gujarat,"Plot 39, GIDC, Morbi","Gate 6, Morbi","Godown 3, Mumbai",300000,RCM,5,BR-018,2025-08-10,Active
CUST-0103,Sankalp Agro Corporation,Poonam Pawar,+91 98438 75665,sankalpag@example.com,23XAORF4133U1ZX,XAORF4133U,Bhopal,Madhya Pradesh,"Plot 59, Industrial Area, Bhopal","Gate 5, Bhopal","Godown 7, Mumbai",500000,RCM,5,BR-011,2023-05-20,Active
CUST-0104,Deccan FMCG Distributors Ltd 1,Snehal Kale,+91 98301 39567,deccanfmc@example.com,08INXSO5858M1ZX,INXSO5858M,Jaipur,Rajasthan,"Plot 32, Industrial Area, Jaipur","Gate 5, Jaipur","Godown 6, Morbi",1000000,RCM,5,BR-007,2025-08-10,Active
CUST-0105,Everest Minerals Corporation 1,Bhavna More,+91 98821 60446,everestmi@example.com,27RBURX5322K1ZX,RBURX5322K,Nagpur,Maharashtra,"Plot 79, MIDC, Nagpur","Gate 5, Nagpur","Warehouse 2, Bhopal",300000,RCM,5,BR-001,2020-08-05,Active
CUST-0106,Shree Cement Pvt Ltd 1,Lata Rathod,+91 98459 11729,shreeceme@example.com,24QXEMG9325R1ZX,QXEMG9325R,Morbi,Gujarat,"Plot 2, GIDC, Morbi","Gate 5, Morbi","Godown 7, Hyderabad",200000,RCM,5,BR-018,2021-09-21,Active
CUST-0107,Om Steel & Alloys Industries,Arun Malhotra,+91 98497 61335,omsteel@example.com,27UODSW3512Z1ZX,UODSW3512Z,Pune,Maharashtra,"Plot 86, Industrial Area, Pune","Gate 4, Pune","Warehouse 3, Surat",200000,RCM,5,BR-004,2023-03-08,Active
CUST-0108,Bhavani Traders Ltd 2,Sunita Bhosale,+91 98692 62065,bhavanitr@example.com,36CICIU4014N1ZX,CICIU4014N,Hyderabad,Telangana,"Plot 85, Industrial Area, Hyderabad","Gate 6, Hyderabad","Godown 8, Nashik",1000000,FCM,12,BR-014,2020-02-25,Active
CUST-0109,Vishwas Engineering Corporation,Yogesh Shaikh,+91 98109 92395,vishwasen@example.com,22AVEEU1628O1ZX,AVEEU1628O,Raipur,Chhattisgarh,"Plot 86, Industrial Area, Raipur","Gate 5, Raipur","Godown 5, Delhi",500000,RCM,5,BR-006,2022-05-23,Active
CUST-0110,Kalpana Polymers Pvt Ltd 1,Kishor Chauhan,+91 98020 38176,kalpanapo@example.com,22GOWTV7183Y1ZX,GOWTV7183Y,Raipur,Chhattisgarh,"Plot 41, MIDC, Raipur","Gate 2, Raipur","Godown 5, Nagpur",200000,RCM,5,BR-006,2021-08-19,Active
CUST-0111,Sankalp Agro Ltd 1,Farida Singh,+91 98704 95637,sankalpag@example.com,08YVOHG9171W1ZX,YVOHG9171W,Jaipur,Rajasthan,"Plot 5, Industrial Area, Jaipur","Gate 6, Jaipur","Godown 4, Gurugram",200000,RCM,5,BR-007,2021-06-23,Active
CUST-0112,Deccan FMCG Distributors Industries,Lata Sahu,+91 98007 25102,deccanfmc@example.com,19DBOPN5425N1ZX,DBOPN5425N,Kolkata,West Bengal,"Plot 63, GIDC, Kolkata","Gate 5, Kolkata","Depot 6, Ahmedabad",300000,RCM,5,BR-015,2021-04-12,Active
CUST-0113,Trimurti Foods Ltd,Snehal Singh,+91 98379 95079,trimurtif@example.com,23GHUUV7532F1ZX,GHUUV7532F,Indore,Madhya Pradesh,"Plot 45, GIDC, Indore","Gate 2, Indore","Godown 2, Surat",1000000,RCM,5,BR-005,2024-12-10,Active
CUST-0114,Sankalp Agro Corporation 1,Sanjay Malhotra,+91 98087 75626,sankalpag@example.com,22LLVXW5266K1ZX,LLVXW5266K,Raipur,Chhattisgarh,"Plot 74, MIDC, Raipur","Gate 2, Raipur","Warehouse 2, Pune",200000,RCM,5,BR-006,2021-01-06,Active
CUST-0115,Nova Packaging Pvt Ltd,Imran Jain,+91 98989 79817,novapacka@example.com,27RCWXG8730A1ZX,RCWXG8730A,Nashik,Maharashtra,"Plot 25, GIDC, Nashik","Gate 5, Nashik","Warehouse 8, Morbi",1000000,RCM,5,BR-010,2023-08-07,Active
CUST-0116,BuildMart Traders & Co,Sameer Chauhan,+91 98329 79380,buildmart@example.com,27GYXQW2975C1ZX,GYXQW2975C,Nashik,Maharashtra,"Plot 61, Transport Nagar, Nashik","Gate 4, Nashik","Depot 3, Ahmedabad",100000,RCM,5,BR-010,2023-02-24,Active
CUST-0117,Kalpana Polymers Pvt Ltd 2,Rahul Singh,+91 98932 83614,kalpanapo@example.com,07OHBBH5399B1ZX,OHBBH5399B,Delhi,Delhi,"Plot 55, Industrial Area, Delhi","Gate 2, Delhi","Godown 2, Morbi",400000,RCM,5,BR-002,2023-08-25,Active
CUST-0118,Kalyani Textiles Ltd 2,Deepak Mehta,+91 98007 29595,kalyanite@example.com,24KJXHK5307K1ZX,KJXHK5307K,Ahmedabad,Gujarat,"Plot 24, Industrial Area, Ahmedabad","Gate 2, Ahmedabad","Warehouse 6, Morbi",200000,RCM,5,BR-013,2025-11-22,Active
CUST-0119,Nova Packaging Ltd,Farida Joshi,+91 98227 88723,novapacka@example.com,23AMDJT5281S1ZX,AMDJT5281S,Bhopal,Madhya Pradesh,"Plot 33, MIDC, Bhopal","Gate 3, Bhopal","Warehouse 3, Surat",100000,RCM,5,BR-011,2021-08-11,Active
CUST-0120,Suresh Industries Ltd 1,Neha Kulkarni,+91 98930 91219,sureshind@example.com,27TRTOU9524U1ZX,TRTOU9524U,Pune,Maharashtra,"Plot 51, GIDC, Pune","Gate 3, Pune","Godown 3, Mumbai",300000,RCM,5,BR-004,2022-12-10,Active
CUST-0121,Nova Packaging & Co 1,Shalini Khan,+91 98351 73401,novapacka@example.com,27OWWEG4795E1ZX,OWWEG4795E,Nashik,Maharashtra,"Plot 86, GIDC, Nashik","Gate 1, Nashik","Warehouse 7, Jaipur",100000,FCM,18,BR-010,2020-03-02,Active
CUST-0122,Om Steel & Alloys & Co,Ramesh Kulkarni,+91 98589 63081,omsteel@example.com,06QICMD5136E1ZX,QICMD5136E,Gurugram,Haryana,"Plot 22, Industrial Area, Gurugram","Gate 3, Gurugram","Warehouse 6, Surat",1000000,RCM,5,BR-017,2022-12-14,Active
CUST-0123,Shree Cement Ltd,Pooja Wankhede,+91 98958 68752,shreeceme@example.com,24AMIYL9403C1ZX,AMIYL9403C,Morbi,Gujarat,"Plot 80, Industrial Area, Morbi","Gate 4, Morbi","Warehouse 1, Jaipur",500000,FCM,12,BR-018,2023-08-14,Active
CUST-0124,Metro Wires Ltd 1,Deepak Kulkarni,+91 98398 27819,metrowire@example.com,27XRLBF8067H1ZX,XRLBF8067H,Mumbai,Maharashtra,"Plot 28, MIDC, Mumbai","Gate 3, Mumbai","Godown 1, Delhi",300000,RCM,5,BR-003,2020-02-17,Active
CUST-0125,Vishwas Engineering Ltd,Meena Deshmukh,+91 98579 57960,vishwasen@example.com,27KKUWD6001U1ZX,KKUWD6001U,Nashik,Maharashtra,"Plot 26, MIDC, Nashik","Gate 4, Nashik","Warehouse 2, Mumbai",400000,FCM,18,BR-010,2021-12-27,Active
CUST-0126,Pinnacle Hardware Pvt Ltd,Ravi Agrawal,+91 98554 70031,pinnacleh@example.com,27GIETF7212K1ZX,GIETF7212K,Nashik,Maharashtra,"Plot 30, GIDC, Nashik","Gate 2, Nashik","Depot 3, Nashik",200000,RCM,5,BR-010,2021-01-25,Active
CUST-0127,Sagar Chemicals Industries 2,Pooja Sharma,+91 98558 44049,sagarchem@example.com,09OWVHK8726V1ZX,OWVHK8726V,Kanpur,Uttar Pradesh,"Plot 3, MIDC, Kanpur","Gate 2, Kanpur","Godown 5, Bengaluru",300000,RCM,5,BR-009,2024-03-04,Active
CUST-0128,Kalyani Textiles Pvt Ltd 1,Kishor Yadav,+91 98079 82506,kalyanite@example.com,06OZWOX2355J1ZX,OZWOX2355J,Gurugram,Haryana,"Plot 24, Industrial Area, Gurugram","Gate 6, Gurugram","Warehouse 2, Raipur",500000,RCM,5,BR-017,2022-04-28,Active
CUST-0129,Suresh Industries Ltd 2,Ravi Gupta,+91 98631 13209,sureshind@example.com,27VYFUM4767S1ZX,VYFUM4767S,Nagpur,Maharashtra,"Plot 35, MIDC, Nagpur","Gate 2, Nagpur","Godown 5, Delhi",1000000,FCM,18,BR-001,2025-01-02,Active
CUST-0130,Bhavani Traders Corporation 1,Arun Singh,+91 98251 96864,bhavanitr@example.com,24HVPQU6327R1ZX,HVPQU6327R,Ahmedabad,Gujarat,"Plot 49, Transport Nagar, Ahmedabad","Gate 2, Ahmedabad","Depot 8, Lucknow",400000,RCM,5,BR-013,2024-04-11,Active
CUST-0131,Nova Packaging Industries,Bhavna Verma,+91 98394 25075,novapacka@example.com,27WSWOI9288F1ZX,WSWOI9288F,Pune,Maharashtra,"Plot 71, Industrial Area, Pune","Gate 5, Pune","Warehouse 3, Kolkata",200000,RCM,5,BR-004,2021-05-05,Active
CUST-0132,Gokul Dairy Supplies Corporation 1,Sanjay Joshi,+91 98651 46098,gokuldair@example.com,27FCDJL2978R1ZX,FCDJL2978R,Mumbai,Maharashtra,"Plot 34, Industrial Area, Mumbai","Gate 6, Mumbai","Depot 1, Kolkata",200000,RCM,5,BR-003,2021-05-31,Active
CUST-0133,Bhavani Traders Pvt Ltd,Rajesh Patel,+91 98406 39182,bhavanitr@example.com,22IBPOT2817S1ZX,IBPOT2817S,Raipur,Chhattisgarh,"Plot 57, Industrial Area, Raipur","Gate 5, Raipur","Depot 4, Indore",100000,FCM,18,BR-006,2023-06-26,Active
CUST-0134,Om Agro Traders Industries 1,Sunita Chauhan,+91 98171 50887,omagrotr@example.com,23VFDRS4280A1ZX,VFDRS4280A,Bhopal,Madhya Pradesh,"Plot 70, Transport Nagar, Bhopal","Gate 5, Bhopal","Godown 8, Bengaluru",100000,RCM,5,BR-011,2025-06-06,Active
CUST-0135,Kalyani Textiles Corporation,Tarun Jha,+91 98134 86607,kalyanite@example.com,27CWZQR8906F1ZX,CWZQR8906F,Nashik,Maharashtra,"Plot 55, Transport Nagar, Nashik","Gate 4, Nashik","Depot 8, Bengaluru",400000,FCM,12,BR-010,2023-02-27,Active
CUST-0136,BuildMart Traders Enterprises,Alok Kulkarni,+91 98423 83900,buildmart@example.com,27CBQZG9254H1ZX,CBQZG9254H,Nashik,Maharashtra,"Plot 74, Transport Nagar, Nashik","Gate 3, Nashik","Godown 6, Jaipur",1000000,FCM,12,BR-010,2025-01-24,Active
CUST-0137,Riddhi Metals Corporation,Jignesh Kale,+91 98653 75148,riddhimet@example.com,09BHNZJ9436E1ZX,BHNZJ9436E,Kanpur,Uttar Pradesh,"Plot 8, GIDC, Kanpur","Gate 5, Kanpur","Warehouse 6, Morbi",200000,RCM,5,BR-009,2022-05-25,Active
CUST-0138,Shree Cement Enterprises,Neha Kamble,+91 98684 91864,shreeceme@example.com,24JPPMT4191G1ZX,JPPMT4191G,Ahmedabad,Gujarat,"Plot 30, Transport Nagar, Ahmedabad","Gate 5, Ahmedabad","Godown 4, Bhopal",500000,RCM,5,BR-013,2025-03-19,Active
CUST-0139,Suresh Industries & Co,Bhavna Patil,+91 98618 95016,sureshind@example.com,29VCOGO8887B1ZX,VCOGO8887B,Bengaluru,Karnataka,"Plot 51, GIDC, Bengaluru","Gate 6, Bengaluru","Warehouse 9, Nashik",200000,RCM,5,BR-016,2021-10-27,Active
CUST-0140,Gokul Dairy Supplies Industries,Anil Pawar,+91 98956 90126,gokuldair@example.com,27EOILI3379S1ZX,EOILI3379S,Nagpur,Maharashtra,"Plot 63, GIDC, Nagpur","Gate 6, Nagpur","Depot 4, Jaipur",1000000,RCM,5,BR-001,2021-12-22,Active
CUST-0141,BuildMart Traders Industries 3,Meena Khan,+91 98442 40521,buildmart@example.com,09WDVKS6352I1ZX,WDVKS6352I,Kanpur,Uttar Pradesh,"Plot 56, Industrial Area, Kanpur","Gate 6, Kanpur","Depot 4, Kanpur",100000,RCM,5,BR-009,2021-05-29,Active
CUST-0142,Shree Cement Ltd 1,Ravi Khan,+91 98173 55878,shreeceme@example.com,27YGLWG2979Z1ZX,YGLWG2979Z,Nashik,Maharashtra,"Plot 5, Transport Nagar, Nashik","Gate 4, Nashik","Warehouse 6, Lucknow",200000,RCM,5,BR-010,2022-08-11,Active
CUST-0143,Sagar Chemicals Corporation,Amardip Dubey,+91 98566 45661,sagarchem@example.com,27INCBQ2201L1ZX,INCBQ2201L,Nagpur,Maharashtra,"Plot 19, GIDC, Nagpur","Gate 2, Nagpur","Depot 1, Delhi",300000,RCM,5,BR-001,2020-09-25,Active
CUST-0144,Suresh Industries Ltd 3,Pooja Mehta,+91 98313 78192,sureshind@example.com,23OOHQH9820P1ZX,OOHQH9820P,Indore,Madhya Pradesh,"Plot 46, GIDC, Indore","Gate 1, Indore","Warehouse 3, Bhopal",400000,RCM,5,BR-005,2024-11-15,Active
CUST-0145,Deccan FMCG Distributors Enterprises,Suresh Rao,+91 98891 31952,deccanfmc@example.com,23KNEXE2780M1ZX,KNEXE2780M,Bhopal,Madhya Pradesh,"Plot 77, Industrial Area, Bhopal","Gate 1, Bhopal","Godown 1, Jaipur",500000,RCM,5,BR-011,2020-09-17,Active
CUST-0146,Om Agro Traders Enterprises,Amardip Gupta,+91 98769 68269,omagrotr@example.com,24PHFCC4815C1ZX,PHFCC4815C,Ahmedabad,Gujarat,"Plot 29, GIDC, Ahmedabad","Gate 3, Ahmedabad","Warehouse 7, Mumbai",100000,RCM,5,BR-013,2025-01-11,Active
CUST-0147,Kalyani Textiles Corporation 1,Lata Nair,+91 98765 30490,kalyanite@example.com,09SMUBF8583P1ZX,SMUBF8583P,Kanpur,Uttar Pradesh,"Plot 82, GIDC, Kanpur","Gate 4, Kanpur","Depot 4, Indore",300000,RCM,5,BR-009,2023-09-04,Active
CUST-0148,Riddhi Metals Corporation 1,Farida Chavan,+91 98635 97537,riddhimet@example.com,29OCDOU2978W1ZX,OCDOU2978W,Bengaluru,Karnataka,"Plot 63, GIDC, Bengaluru","Gate 1, Bengaluru","Warehouse 1, Lucknow",300000,RCM,5,BR-016,2023-01-10,Active
CUST-0149,Shree Cement Pvt Ltd 2,Imran Bhosale,+91 98309 44618,shreeceme@example.com,27JTZRI3789B1ZX,JTZRI3789B,Pune,Maharashtra,"Plot 15, Industrial Area, Pune","Gate 3, Pune","Godown 3, Lucknow",1000000,RCM,5,BR-004,2024-05-17,Active
CUST-0150,Shree Cement Ltd 2,Lata Yadav,+91 98715 91276,shreeceme@example.com,36UZWTU2796A1ZX,UZWTU2796A,Hyderabad,Telangana,"Plot 51, Industrial Area, Hyderabad","Gate 3, Hyderabad","Godown 4, Mumbai",100000,RCM,5,BR-014,2021-11-02,Active
CUST-0151,Om Steel & Alloys Industries 1,Poonam Chavan,+91 98324 37713,omsteel@example.com,27CVVZC8208F1ZX,CVVZC8208F,Nashik,Maharashtra,"Plot 75, Transport Nagar, Nashik","Gate 2, Nashik","Depot 7, Raipur",400000,RCM,5,BR-010,2020-06-07,Active
CUST-0152,Sunrise Ceramics Enterprises 2,Lata Kamble,+91 98030 61238,sunrisece@example.com,06UOPCB6125K1ZX,UOPCB6125K,Gurugram,Haryana,"Plot 83, Transport Nagar, Gurugram","Gate 3, Gurugram","Godown 8, Indore",200000,RCM,5,BR-017,2020-03-26,Active
CUST-0153,Sankalp Agro Industries,Alok Rathod,+91 98092 51248,sankalpag@example.com,23FRTCK8506N1ZX,FRTCK8506N,Bhopal,Madhya Pradesh,"Plot 51, GIDC, Bhopal","Gate 4, Bhopal","Godown 2, Jaipur",100000,FCM,18,BR-011,2023-12-17,Active
CUST-0154,Sagar Chemicals Corporation 1,Arif Jain,+91 98107 66895,sagarchem@example.com,23YXCJI4716V1ZX,YXCJI4716V,Bhopal,Madhya Pradesh,"Plot 68, MIDC, Bhopal","Gate 2, Bhopal","Godown 7, Kolkata",400000,FCM,18,BR-011,2022-12-29,Active
CUST-0155,Everest Minerals Ltd 2,Nitin Sai,+91 98345 41755,everestmi@example.com,23QAYPC2324U1ZX,QAYPC2324U,Indore,Madhya Pradesh,"Plot 68, MIDC, Indore","Gate 3, Indore","Depot 3, Bengaluru",300000,RCM,5,BR-005,2025-04-08,Active
CUST-0156,BuildMart Traders Corporation,Alok Kulkarni,+91 98977 39849,buildmart@example.com,36ETZYW5288S1ZX,ETZYW5288S,Hyderabad,Telangana,"Plot 9, GIDC, Hyderabad","Gate 6, Hyderabad","Warehouse 2, Nagpur",200000,RCM,5,BR-014,2022-04-05,Active
CUST-0157,Riddhi Metals Corporation 2,Imran Chavan,+91 98502 85772,riddhimet@example.com,22EAWVK5409G1ZX,EAWVK5409G,Raipur,Chhattisgarh,"Plot 89, MIDC, Raipur","Gate 6, Raipur","Godown 6, Kanpur",300000,RCM,5,BR-006,2023-05-24,Active
CUST-0158,Kalpana Polymers Ltd 1,Raghunath Sahu,+91 98150 41587,kalpanapo@example.com,24DTLAU5276N1ZX,DTLAU5276N,Morbi,Gujarat,"Plot 3, Industrial Area, Morbi","Gate 1, Morbi","Godown 3, Indore",500000,RCM,5,BR-018,2020-04-25,Active
CUST-0159,Metro Wires & Co,Bhavna Shaikh,+91 98080 21493,metrowire@example.com,22YKLLZ9667A1ZX,YKLLZ9667A,Raipur,Chhattisgarh,"Plot 73, Transport Nagar, Raipur","Gate 5, Raipur","Godown 9, Ahmedabad",200000,FCM,18,BR-006,2025-02-24,Active
CUST-0160,Kalyani Textiles Pvt Ltd 2,Tarun Singh,+91 98919 33539,kalyanite@example.com,19GKEOW3248V1ZX,GKEOW3248V,Kolkata,West Bengal,"Plot 23, GIDC, Kolkata","Gate 4, Kolkata","Godown 7, Nagpur",1000000,RCM,5,BR-015,2021-07-29,Active
CUST-0161,Om Steel & Alloys Ltd,Ravi Malhotra,+91 98066 50766,omsteel@example.com,23UFBTL9499X1ZX,UFBTL9499X,Indore,Madhya Pradesh,"Plot 75, Industrial Area, Indore","Gate 6, Indore","Depot 3, Nashik",1000000,FCM,18,BR-005,2020-07-29,Active
CUST-0162,Metro Wires Enterprises 2,Sanjay Sinha,+91 98997 54897,metrowire@example.com,24HGDLQ5854P1ZX,HGDLQ5854P,Morbi,Gujarat,"Plot 22, GIDC, Morbi","Gate 6, Morbi","Warehouse 2, Ahmedabad",200000,RCM,5,BR-018,2024-04-26,Active
CUST-0163,Om Agro Traders Pvt Ltd,Prakash Kulkarni,+91 98926 15126,omagrotr@example.com,08GLMQO6108Z1ZX,GLMQO6108Z,Jaipur,Rajasthan,"Plot 73, Industrial Area, Jaipur","Gate 3, Jaipur","Depot 4, Nashik",200000,RCM,5,BR-007,2025-08-14,Active
CUST-0164,Everest Minerals & Co 1,Amit Singh,+91 98441 12200,everestmi@example.com,07IVXAQ6063D1ZX,IVXAQ6063D,Delhi,Delhi,"Plot 4, Industrial Area, Delhi","Gate 4, Delhi","Godown 1, Kolkata",1000000,RCM,5,BR-002,2025-12-30,Active
CUST-0165,Metro Wires Ltd 2,Neha More,+91 98578 46917,metrowire@example.com,24CMKCU5197D1ZX,CMKCU5197D,Ahmedabad,Gujarat,"Plot 84, Industrial Area, Ahmedabad","Gate 5, Ahmedabad","Godown 9, Pune",200000,RCM,5,BR-013,2023-06-11,Active
CUST-0166,Metro Wires Pvt Ltd 1,Neha Rao,+91 98185 49025,metrowire@example.com,24THZSK8107A1ZX,THZSK8107A,Ahmedabad,Gujarat,"Plot 13, Transport Nagar, Ahmedabad","Gate 3, Ahmedabad","Depot 7, Bhopal",200000,RCM,5,BR-013,2022-02-14,Active
CUST-0167,Gokul Dairy Supplies Enterprises,Bhavna Agrawal,+91 98145 79429,gokuldair@example.com,22QUQLW8308M1ZX,QUQLW8308M,Raipur,Chhattisgarh,"Plot 39, Industrial Area, Raipur","Gate 3, Raipur","Warehouse 5, Indore",400000,RCM,5,BR-006,2022-02-06,Active
CUST-0168,Pinnacle Hardware Pvt Ltd 1,Vikram Jain,+91 98209 77241,pinnacleh@example.com,08TVEHL5667F1ZX,TVEHL5667F,Jaipur,Rajasthan,"Plot 36, MIDC, Jaipur","Gate 3, Jaipur","Warehouse 6, Lucknow",200000,RCM,5,BR-007,2024-06-26,Active
CUST-0169,BuildMart Traders & Co 1,Suresh Jain,+91 98241 62022,buildmart@example.com,24VLRTJ7704C1ZX,VLRTJ7704C,Surat,Gujarat,"Plot 52, Industrial Area, Surat","Gate 3, Surat","Warehouse 1, Delhi",200000,RCM,5,BR-008,2023-04-11,Active
CUST-0170,Om Steel & Alloys Pvt Ltd,Snehal Kale,+91 98088 68454,omsteel@example.com,36NIBMK6255C1ZX,NIBMK6255C,Hyderabad,Telangana,"Plot 7, GIDC, Hyderabad","Gate 2, Hyderabad","Depot 9, Nashik",200000,RCM,5,BR-014,2020-12-27,Active
CUST-0171,Sunrise Ceramics Enterprises 3,Sameer Wankhede,+91 98759 82294,sunrisece@example.com,29ZYMAO5362R1ZX,ZYMAO5362R,Bengaluru,Karnataka,"Plot 69, MIDC, Bengaluru","Gate 2, Bengaluru","Godown 3, Kolkata",400000,RCM,5,BR-016,2025-05-10,Active
CUST-0172,Gokul Dairy Supplies & Co 1,Arif Kale,+91 98423 47315,gokuldair@example.com,24UXZJO2924C1ZX,UXZJO2924C,Ahmedabad,Gujarat,"Plot 88, MIDC, Ahmedabad","Gate 1, Ahmedabad","Godown 9, Bengaluru",300000,RCM,5,BR-013,2024-06-13,Active
CUST-0173,Ashoka Plastics & Co,Bhavna Sahu,+91 98919 94857,ashokapla@example.com,29NQKTW1409B1ZX,NQKTW1409B,Bengaluru,Karnataka,"Plot 39, GIDC, Bengaluru","Gate 3, Bengaluru","Godown 7, Hyderabad",1000000,RCM,5,BR-016,2023-09-06,Active
CUST-0174,Om Steel & Alloys Pvt Ltd 1,Sanjay Rathod,+91 98167 48651,omsteel@example.com,08FZEGF4605K1ZX,FZEGF4605K,Jaipur,Rajasthan,"Plot 7, Industrial Area, Jaipur","Gate 3, Jaipur","Godown 1, Jaipur",500000,RCM,5,BR-007,2025-06-11,Active
CUST-0175,Deccan FMCG Distributors & Co,Devendra Khan,+91 98335 13681,deccanfmc@example.com,24KHIXD7572B1ZX,KHIXD7572B,Surat,Gujarat,"Plot 76, MIDC, Surat","Gate 2, Surat","Depot 8, Bengaluru",400000,RCM,5,BR-008,2025-06-16,Active
CUST-0176,Riddhi Metals Enterprises 1,Amardip Rao,+91 98601 88127,riddhimet@example.com,27KYGZU5275J1ZX,KYGZU5275J,Pune,Maharashtra,"Plot 87, Industrial Area, Pune","Gate 6, Pune","Depot 3, Lucknow",400000,RCM,5,BR-004,2021-06-04,Active
CUST-0177,Konark Ceramics Ltd,Raghunath Mehta,+91 98915 56031,konarkcer@example.com,23SHOUY7638K1ZX,SHOUY7638K,Indore,Madhya Pradesh,"Plot 36, Industrial Area, Indore","Gate 6, Indore","Godown 9, Delhi",500000,FCM,12,BR-005,2023-04-27,Active
CUST-0178,Vardhman Steels & Co,Lata Patel,+91 98210 18028,vardhmans@example.com,24LWYYX5671B1ZX,LWYYX5671B,Surat,Gujarat,"Plot 65, GIDC, Surat","Gate 5, Surat","Godown 3, Delhi",100000,FCM,18,BR-008,2021-03-22,Active
CUST-0179,Nova Packaging Corporation,Sameer Chauhan,+91 98583 84712,novapacka@example.com,23GCELG3417K1ZX,GCELG3417K,Bhopal,Madhya Pradesh,"Plot 9, Industrial Area, Bhopal","Gate 4, Bhopal","Depot 9, Ahmedabad",300000,RCM,5,BR-011,2022-08-27,Active
CUST-0180,Bhavani Traders Ltd 3,Gopal Verma,+91 98789 12094,bhavanitr@example.com,24CIRQD8518H1ZX,CIRQD8518H,Surat,Gujarat,"Plot 42, GIDC, Surat","Gate 4, Surat","Depot 7, Kanpur",200000,FCM,18,BR-008,2025-11-12,Active
CUST-0181,BuildMart Traders Industries 4,Neha Patel,+91 98803 29422,buildmart@example.com,27XKYPW1495P1ZX,XKYPW1495P,Nagpur,Maharashtra,"Plot 56, Transport Nagar, Nagpur","Gate 1, Nagpur","Godown 4, Surat",400000,RCM,5,BR-001,2023-04-28,Active
CUST-0182,Gokul Dairy Supplies Corporation 2,Jignesh Verma,+91 98924 48997,gokuldair@example.com,27DSOQM1164Q1ZX,DSOQM1164Q,Mumbai,Maharashtra,"Plot 30, GIDC, Mumbai","Gate 4, Mumbai","Godown 3, Kanpur",400000,RCM,5,BR-003,2020-06-26,Active
CUST-0183,Kalyani Textiles Ltd 3,Jignesh More,+91 98483 90745,kalyanite@example.com,09GUWHP8264E1ZX,GUWHP8264E,Lucknow,Uttar Pradesh,"Plot 17, MIDC, Lucknow","Gate 4, Lucknow","Depot 7, Kolkata",300000,RCM,5,BR-012,2020-04-27,Active
CUST-0184,Om Agro Traders & Co 2,Ravi Khan,+91 98906 34605,omagrotr@example.com,24XOYDV2711N1ZX,XOYDV2711N,Ahmedabad,Gujarat,"Plot 22, Transport Nagar, Ahmedabad","Gate 3, Ahmedabad","Godown 2, Nagpur",200000,RCM,5,BR-013,2023-06-09,Active
CUST-0185,Nova Packaging Ltd 1,Mahesh Khan,+91 98489 77350,novapacka@example.com,27ZSXYG6639G1ZX,ZSXYG6639G,Nagpur,Maharashtra,"Plot 12, GIDC, Nagpur","Gate 3, Nagpur","Depot 4, Mumbai",300000,RCM,5,BR-001,2021-05-04,Active
CUST-0186,Raghav Agro Ltd 2,Ganesh Khan,+91 98404 68541,raghavagr@example.com,23SZWXO6852L1ZX,SZWXO6852L,Bhopal,Madhya Pradesh,"Plot 23, MIDC, Bhopal","Gate 5, Bhopal","Warehouse 5, Kolkata",300000,RCM,5,BR-011,2024-04-28,Active
CUST-0187,Konark Ceramics Ltd 1,Kiran Sahu,+91 98549 26382,konarkcer@example.com,19OBSBS8760U1ZX,OBSBS8760U,Kolkata,West Bengal,"Plot 68, Transport Nagar, Kolkata","Gate 1, Kolkata","Warehouse 5, Jaipur",500000,RCM,5,BR-015,2021-09-11,Active
CUST-0188,Kalpana Polymers Corporation 1,Imran Nair,+91 98358 76040,kalpanapo@example.com,27LCNVY6363P1ZX,LCNVY6363P,Pune,Maharashtra,"Plot 41, Transport Nagar, Pune","Gate 3, Pune","Depot 4, Kanpur",100000,RCM,5,BR-004,2020-11-09,Active
CUST-0189,Riddhi Metals Ltd 1,Jaspreet Chavan,+91 98865 56606,riddhimet@example.com,23QUPXT8071K1ZX,QUPXT8071K,Indore,Madhya Pradesh,"Plot 13, Transport Nagar, Indore","Gate 6, Indore","Godown 6, Raipur",500000,RCM,5,BR-005,2021-07-15,Active
CUST-0190,Ashoka Plastics Enterprises,Arif Rathod,+91 98112 96520,ashokapla@example.com,19WIQJO6172I1ZX,WIQJO6172I,Kolkata,West Bengal,"Plot 56, Industrial Area, Kolkata","Gate 1, Kolkata","Warehouse 1, Hyderabad",1000000,FCM,12,BR-015,2022-07-10,Active
CUST-0191,Kalpana Polymers Ltd 2,Alok Jha,+91 98862 94088,kalpanapo@example.com,09MDUJX9016O1ZX,MDUJX9016O,Lucknow,Uttar Pradesh,"Plot 77, MIDC, Lucknow","Gate 6, Lucknow","Warehouse 7, Nashik",300000,RCM,5,BR-012,2020-04-01,Active
CUST-0192,Bhavani Traders & Co,Poonam Patil,+91 98304 73723,bhavanitr@example.com,08MHVNS6718J1ZX,MHVNS6718J,Jaipur,Rajasthan,"Plot 89, Industrial Area, Jaipur","Gate 6, Jaipur","Depot 3, Kolkata",100000,RCM,5,BR-007,2022-01-20,Active
CUST-0193,Kalpana Polymers Ltd 3,Arun Nair,+91 98699 68351,kalpanapo@example.com,29DTBVS1997X1ZX,DTBVS1997X,Bengaluru,Karnataka,"Plot 66, Transport Nagar, Bengaluru","Gate 2, Bengaluru","Depot 8, Ahmedabad",400000,RCM,5,BR-016,2021-04-18,Active
CUST-0194,Sunrise Ceramics Pvt Ltd,Jignesh Patel,+91 98426 61053,sunrisece@example.com,23VGWWO6323L1ZX,VGWWO6323L,Bhopal,Madhya Pradesh,"Plot 89, GIDC, Bhopal","Gate 1, Bhopal","Godown 7, Indore",200000,RCM,5,BR-011,2025-06-07,Active
CUST-0195,Trimurti Foods Corporation 2,Rajesh Kamble,+91 98762 69545,trimurtif@example.com,19PNKCY8422R1ZX,PNKCY8422R,Kolkata,West Bengal,"Plot 53, MIDC, Kolkata","Gate 1, Kolkata","Godown 8, Bengaluru",200000,FCM,12,BR-015,2024-01-12,Active
CUST-0196,Ashoka Plastics Industries 2,Lata Sai,+91 98164 52876,ashokapla@example.com,36RLETO4113F1ZX,RLETO4113F,Hyderabad,Telangana,"Plot 52, Industrial Area, Hyderabad","Gate 4, Hyderabad","Godown 8, Pune",300000,RCM,5,BR-014,2023-01-25,Active
CUST-0197,Metro Wires Pvt Ltd 2,Suresh Sinha,+91 98230 52666,metrowire@example.com,06EYNMR2415V1ZX,EYNMR2415V,Gurugram,Haryana,"Plot 5, Industrial Area, Gurugram","Gate 3, Gurugram","Depot 2, Ahmedabad",400000,RCM,5,BR-017,2023-11-29,Active
CUST-0198,Bhavani Traders Pvt Ltd 1,Bhavna Bhosale,+91 98057 28045,bhavanitr@example.com,36ZGVYW6676V1ZX,ZGVYW6676V,Hyderabad,Telangana,"Plot 85, MIDC, Hyderabad","Gate 3, Hyderabad","Depot 1, Nagpur",1000000,RCM,5,BR-014,2024-07-01,Active
CUST-0199,Kalpana Polymers Ltd 4,Meena Nair,+91 98913 23348,kalpanapo@example.com,08MFJVU6618O1ZX,MFJVU6618O,Jaipur,Rajasthan,"Plot 25, GIDC, Jaipur","Gate 2, Jaipur","Godown 5, Bengaluru",300000,RCM,5,BR-007,2022-11-29,Active
CUST-0200,Metro Wires Pvt Ltd 3,Suresh More,+91 98825 20986,metrowire@example.com,24OMBWE5842T1ZX,OMBWE5842T,Surat,Gujarat,"Plot 52, Industrial Area, Surat","Gate 4, Surat","Depot 1, Nagpur",1000000,RCM,5,BR-008,2024-01-29,Active
CUST-0201,Metro Wires Enterprises 3,Arif Singh,+91 98064 44377,metrowire@example.com,36EMTOI7878U1ZX,EMTOI7878U,Hyderabad,Telangana,"Plot 22, Transport Nagar, Hyderabad","Gate 6, Hyderabad","Warehouse 7, Kanpur",500000,RCM,5,BR-014,2025-12-11,Active
CUST-0202,Om Steel & Alloys Enterprises 3,Devendra Pawar,+91 98717 92911,omsteel@example.com,29NZNIH6579Z1ZX,NZNIH6579Z,Bengaluru,Karnataka,"Plot 73, Transport Nagar, Bengaluru","Gate 4, Bengaluru","Depot 4, Hyderabad",400000,RCM,5,BR-016,2021-08-05,Active
CUST-0203,Deccan FMCG Distributors Corporation,Suresh Yadav,+91 98190 42365,deccanfmc@example.com,24WDUJP3478C1ZX,WDUJP3478C,Surat,Gujarat,"Plot 19, GIDC, Surat","Gate 5, Surat","Warehouse 3, Morbi",500000,RCM,5,BR-008,2020-08-28,Active
CUST-0204,Bhavani Traders Ltd 4,Ravi Patil,+91 98224 35918,bhavanitr@example.com,08WLYXG1838Z1ZX,WLYXG1838Z,Jaipur,Rajasthan,"Plot 51, Industrial Area, Jaipur","Gate 2, Jaipur","Warehouse 2, Hyderabad",500000,RCM,5,BR-007,2024-10-12,Active
CUST-0205,Pinnacle Hardware Enterprises,Anil Patil,+91 98782 97733,pinnacleh@example.com,27RFNWI1201Z1ZX,RFNWI1201Z,Nagpur,Maharashtra,"Plot 4, MIDC, Nagpur","Gate 3, Nagpur","Godown 4, Jaipur",100000,RCM,5,BR-001,2020-06-23,Active
CUST-0206,BuildMart Traders Pvt Ltd,Neha Rao,+91 98504 93763,buildmart@example.com,23JAIKN8047O1ZX,JAIKN8047O,Bhopal,Madhya Pradesh,"Plot 22, MIDC, Bhopal","Gate 2, Bhopal","Warehouse 5, Kanpur",1000000,RCM,5,BR-011,2024-05-17,Active
CUST-0207,Sankalp Agro Pvt Ltd 1,Deepak Sai,+91 98116 49606,sankalpag@example.com,07NGXFL2095K1ZX,NGXFL2095K,Delhi,Delhi,"Plot 38, MIDC, Delhi","Gate 2, Delhi","Warehouse 5, Gurugram",200000,FCM,18,BR-002,2024-08-30,Active
CUST-0208,Sunrise Ceramics Enterprises 4,Devendra Bhosale,+91 98492 56808,sunrisece@example.com,09QLDOE2033Q1ZX,QLDOE2033Q,Kanpur,Uttar Pradesh,"Plot 27, Transport Nagar, Kanpur","Gate 1, Kanpur","Depot 3, Ahmedabad",200000,RCM,5,BR-009,2024-11-06,Active
CUST-0209,Om Steel & Alloys & Co 1,Poonam Yadav,+91 98931 39601,omsteel@example.com,23CZMHS6471P1ZX,CZMHS6471P,Bhopal,Madhya Pradesh,"Plot 57, GIDC, Bhopal","Gate 2, Bhopal","Depot 6, Nagpur",1000000,RCM,5,BR-011,2023-04-11,Active
CUST-0210,Shree Cement Ltd 3,Deepak Kulkarni,+91 98213 89675,shreeceme@example.com,23MDRES4356V1ZX,MDRES4356V,Indore,Madhya Pradesh,"Plot 20, GIDC, Indore","Gate 6, Indore","Warehouse 3, Bhopal",500000,RCM,5,BR-005,2024-06-28,Active
CUST-0211,Metro Wires Pvt Ltd 4,Suraj Deshmukh,+91 98280 29154,metrowire@example.com,23BECUT2708M1ZX,BECUT2708M,Bhopal,Madhya Pradesh,"Plot 87, MIDC, Bhopal","Gate 6, Bhopal","Warehouse 5, Indore",500000,RCM,5,BR-011,2023-06-22,Active
CUST-0212,Deccan FMCG Distributors & Co 1,Farida Patel,+91 98486 59342,deccanfmc@example.com,27TUEVF6615J1ZX,TUEVF6615J,Nashik,Maharashtra,"Plot 2, GIDC, Nashik","Gate 6, Nashik","Godown 6, Nagpur",200000,FCM,12,BR-010,2025-03-20,Active
CUST-0213,Shree Cement & Co 1,Deepak Kale,+91 98192 19630,shreeceme@example.com,09REKPM8902J1ZX,REKPM8902J,Kanpur,Uttar Pradesh,"Plot 88, GIDC, Kanpur","Gate 2, Kanpur","Godown 3, Bengaluru",200000,RCM,5,BR-009,2024-01-20,Active
CUST-0214,Kalyani Textiles Enterprises,Meena Nair,+91 98839 84250,kalyanite@example.com,36EHUPY8089A1ZX,EHUPY8089A,Hyderabad,Telangana,"Plot 51, Transport Nagar, Hyderabad","Gate 2, Hyderabad","Warehouse 6, Surat",400000,RCM,5,BR-014,2023-06-17,Active
