driver_id,name,mobile,licence_no,licence_class,licence_expiry,depot_branch_id,assigned_vehicle_id,emergency_contact,trips_lifetime,on_time_pct,status
EMP-0001,Ramesh Yadav,+91 98559 33642,MH-40 1133433,HTV,2028-05-04,BR-001,VEH-002,+91 98730 27870,197,82,Available
EMP-0002,Suresh Khan,+91 98400 41358,CG-03 1940858,HTV,2030-03-16,BR-006,VEH-014,+91 98124 48433,99,94,On trip
EMP-0003,Prakash Singh,+91 98241 11620,MH-22 1353890,HGV,2029-02-05,BR-001,VEH-004,+91 98783 59113,112,95,Available
EMP-0004,Vikas Dubey,+91 98107 21253,TS-15 0200268,HMV,2029-04-07,BR-014,VEH-001,+91 98305 99258,145,93,On leave
EMP-0005,Anil Verma,+91 98971 46170,MH-27 9317023,HMV,2027-05-24,BR-001,VEH-006,+91 98183 91441,112,91,On trip
EMP-0006,Manoj Jha,+91 98977 20672,MH-23 8769172,HTV,2030-10-09,BR-010,VEH-051,+91 98693 10554,100,87,Available
EMP-0007,Gopal Kale,+91 98170 74360,GJ-14 7251778,HMV,2026-09-25,BR-008,VEH-037,+91 98672 14077,63,85,Available
EMP-0008,Santosh Pawar,+91 98415 78224,MP-38 0989021,HMV,2028-11-28,BR-005,VEH-011,+91 98123 35459,72,90,On trip
EMP-0009,Rajesh Malhotra,+91 98950 63518,GJ-24 7028848,HTV,2029-06-27,BR-018,VEH-003,+91 98376 65411,49,80,Available
EMP-0010,Ravi Mehta,+91 98507 88926,MH-34 6587949,HTV,2027-08-24,BR-001,VEH-012,+91 98172 25614,130,90,On trip
EMP-0011,Ramesh Malhotra,+91 98369 29321,MH-08 4769977,HGV,2027-03-31,BR-003,VEH-008,+91 98764 92364,193,96,On trip
EMP-0012,Arif Sharma,+91 98588 90484,RJ-01 6569868,HGV,2029-12-13,BR-007,VEH-020,+91 98472 18026,71,90,Available
EMP-0013,Farida Chavan,+91 98003 57693,GJ-29 5685575,HGV,2030-10-04,BR-008,VEH-058,+91 98000 47258,178,90,Available
EMP-0014,Yogesh Kale,+91 98412 96902,CG-18 1541671,HGV,2027-03-18,BR-006,VEH-017,+91 98441 76736,230,78,On trip
EMP-0015,Anil Sinha,+91 98040 77301,MP-16 3073760,HTV,2028-07-11,BR-005,VEH-015,+91 98297 28055,91,84,On trip
EMP-0016,Sunita Mehta,+91 98413 43676,MH-04 9054357,HMV,2027-02-07,BR-003,VEH-010,+91 98039 38432,89,98,On trip
EMP-0017,Nandini Gupta,+91 98668 94568,RJ-09 6296430,HMV,2026-09-07,BR-007,VEH-029,+91 98185 40911,91,88,On trip
EMP-0018,Rajesh Nair,+91 98476 27933,UP-29 0632891,HGV,2030-04-19,BR-009,VEH-007,+91 98611 62693,227,94,Available
EMP-0019,Mahesh Yadav,+91 98983 11019,WB-08 4986473,HMV,2029-08-24,BR-015,VEH-009,+91 98618 20660,128,78,On trip
EMP-0020,Amardip Jain,+91 98450 47370,GJ-40 0750446,HMV,2029-06-24,BR-008,VEH-005,+91 98633 36226,186,88,Available
EMP-0021,Imran Shaikh,+91 98808 69410,MH-11 9530320,HTV,2027-01-17,BR-003,VEH-024,+91 98820 89631,213,93,On trip
EMP-0022,Sanjay Kulkarni,+91 98876 61418,MH-33 5118966,HTV,2028-09-05,BR-001,VEH-013,+91 98036 70846,121,81,On trip
EMP-0023,Lata Sai,+91 98146 55411,MP-34 0284523,HGV,2030-07-06,BR-005,VEH-023,+91 98105 14115,120,91,Available
EMP-0024,Tarun Patel,+91 98520 85080,MH-33 8809209,HMV,2029-05-03,BR-001,VEH-019,+91 98589 84071,103,98,Available
EMP-0025,Yogesh Jha,+91 98120 33235,MH-33 9175755,HTV,2027-09-02,BR-001,VEH-021,+91 98966 62665,92,95,On trip
EMP-0026,Tarun Rathod,+91 98883 97658,DL-39 8842295,HMV,2030-07-31,BR-002,VEH-041,+91 98645 45309,70,80,Available
EMP-0027,Pooja Kulkarni,+91 98402 89505,MH-02 0140842,HGV,2029-08-17,BR-001,VEH-030,+91 98482 36518,159,95,On trip
EMP-0028,Jaspreet Bhosale,+91 98035 76456,GJ-28 3804628,HGV,2030-09-20,BR-008,VEH-016,+91 98867 81091,65,84,Available
EMP-0029,Rohit Wankhede,+91 98285 11652,MP-05 7625130,HMV,2028-12-18,BR-005,VEH-045,+91 98358 75538,141,88,On trip
EMP-0030,Tarun Dubey,+91 98525 85994,MH-07 6666274,HGV,2028-08-05,BR-001,VEH-035,+91 98714 36156,181,95,Available
EMP-0031,Imran Sinha,+91 98128 61579,MH-33 0956043,HMV,2027-10-15,BR-003,VEH-026,+91 98763 54796,143,89,On leave
EMP-0032,Gopal More,+91 98558 46983,DL-32 9318004,HMV,2028-10-14,BR-002,VEH-052,+91 98304 57118,94,93,On trip
EMP-0033,Sanjay Khan,+91 98578 70611,MH-35 9516628,HMV,2027-07-16,BR-001,VEH-039,+91 98336 44026,170,95,Available
EMP-0034,Ramesh Joshi,+91 98251 77696,DL-20 9815121,HGV,2029-09-22,BR-002,VEH-053,+91 98941 65037,45,96,On trip
EMP-0035,Raghunath Jha,+91 98670 84973,MH-05 1960506,HTV,2027-09-01,BR-010,VEH-018,+91 98777 45340,106,93,On trip
EMP-0036,Neha Deshmukh,+91 98329 31081,MH-16 4981105,HMV,2026-10-12,BR-001,VEH-040,+91 98288 42473,223,87,Available
EMP-0037,Rahul Rathod,+91 98695 34253,DL-36 6316577,HMV,2027-04-08,BR-002,VEH-054,+91 98947 35711,121,93,Available
EMP-0038,Prakash Mehta,+91 98434 69527,MH-34 0448950,HTV,2028-04-17,BR-001,VEH-044,+91 98728 63029,131,97,On leave
EMP-0039,Lata Kulkarni,+91 98296 77136,MH-17 6448566,HGV,2027-07-18,BR-003,VEH-032,+91 98067 40917,190,87,On trip
EMP-0040,Anil Sahu,+91 98098 37002,MH-30 3207596,HMV,2029-04-19,BR-001,VEH-048,+91 98940 90654,226,83,Available
EMP-0041,Mahesh Dubey,+91 98212 18604,MH-24 7396673,HTV,2029-03-29,BR-001,VEH-056,+91 98747 20747,186,89,Available
EMP-0042,Vikram Khan,+91 98636 86789,MH-37 8305817,HGV,2027-08-30,BR-003,VEH-042,+91 98247 50010,192,80,Available
EMP-0043,Sameer Verma,+91 98241 42366,RJ-34 2081434,HGV,2029-01-04,BR-007,VEH-038,+91 98943 87409,143,98,On trip
EMP-0044,Vikram Gupta,+91 98951 61688,HR-11 9972061,HMV,2029-02-11,BR-017,VEH-022,+91 98909 89856,49,97,Available
EMP-0045,Sanjay Joshi,+91 98713 15611,MH-05 2706945,HTV,2027-05-06,BR-003,VEH-043,+91 98866 49362,125,79,Available
EMP-0046,Ramesh Verma,+91 98520 82120,MH-25 2100334,HGV,2026-11-10,BR-001,VEH-059,+91 98025 41772,125,87,On trip
EMP-0047,Jaspreet Bhosale,+91 98324 65896,GJ-34 5620423,HTV,2028-09-16,BR-008,VEH-025,+91 98926 33597,181,86,On leave
EMP-0048,Imran Singh,+91 98864 77431,MP-33 9320115,HTV,2030-03-16,BR-005,VEH-055,+91 98403 77907,219,98,Available
