route_id,src_pincode,src_city,dst_pincode,dst_city,distance_km,transit_days,route_path,branch_mapping,pickup_zone,delivery_zone,availability
RT-0001,492001,Raipur,452001,Indore,617,2,Raipur → Indore,Raipur → Indore,Zone Central,Zone Central,Available
RT-0002,411001,Pune,400001,Mumbai,120,1,Pune → Mumbai,Pune → Mumbai,Zone East,Zone East,Available
RT-0003,560001,Bengaluru,440001,Nagpur,923,3,Bengaluru → Nagpur,Bengaluru → Nagpur (HQ),Zone East,Zone Central,Available
RT-0004,122001,Gurugram,462001,Bhopal,579,2,Gurugram → Bhopal,Gurugram → Bhopal,Zone North,Zone West,Available
RT-0005,122001,Gurugram,208001,Kanpur,395,1,Gurugram → Kanpur,Gurugram → Kanpur,Zone West,Zone North,Available
RT-0006,380001,Ahmedabad,422001,Nashik,359,1,Ahmedabad → Nashik,Ahmedabad → Nashik,Zone North,Zone West,Available
RT-0007,462001,Bhopal,122001,Gurugram,579,2,Bhopal → Gurugram,Bhopal → Gurugram,Zone South,Zone East,Available
RT-0008,500001,Hyderabad,395001,Surat,727,2,Hyderabad → Surat,Hyderabad → Surat,Zone North,Zone Central,Available
RT-0009,122001,Gurugram,411001,Pune,1151,3,Gurugram → Pune,Gurugram → Pune,Zone South,Zone Central,Available
RT-0010,440001,Nagpur,302001,Jaipur,723,2,Nagpur → Jaipur,Nagpur (HQ) → Jaipur,Zone South,Zone Central,Available
RT-0011,700001,Kolkata,302001,Jaipur,1358,4,Kolkata → Jaipur,Kolkata → Jaipur,Zone North,Zone West,Limited
RT-0012,226001,Lucknow,452001,Indore,689,2,Lucknow → Indore,Lucknow → Indore,Zone East,Zone South,Available
RT-0013,440001,Nagpur,208001,Kanpur,603,2,Nagpur → Kanpur,Nagpur (HQ) → Kanpur,Zone South,Zone East,Available
RT-0014,560001,Bengaluru,500001,Hyderabad,500,2,Bengaluru → Hyderabad,Bengaluru → Hyderabad,Zone West,Zone South,Available
RT-0015,208001,Kanpur,700001,Kolkata,920,3,Kanpur → Kolkata,Kanpur → Kolkata,Zone West,Zone Central,Available
RT-0016,492001,Raipur,395001,Surat,912,3,Raipur → Surat,Raipur → Surat,Zone West,Zone East,Available
RT-0017,122001,Gurugram,492001,Raipur,926,3,Gurugram → Raipur,Gurugram → Raipur,Zone Central,Zone South,Available
RT-0018,500001,Hyderabad,400001,Mumbai,621,2,Hyderabad → Mumbai,Hyderabad → Mumbai,Zone Central,Zone West,Available
RT-0019,411001,Pune,462001,Bhopal,643,2,Pune → Bhopal,Pune → Bhopal,Zone South,Zone West,Available
RT-0020,452001,Indore,700001,Kolkata,1283,3,Indore → Kolkata,Indore → Kolkata,Zone North,Zone North,Available
RT-0021,122001,Gurugram,302001,Jaipur,211,1,Gurugram → Jaipur,Gurugram → Jaipur,Zone Central,Zone North,Available
RT-0022,700001,Kolkata,560001,Bengaluru,1561,4,Kolkata → Bengaluru,Kolkata → Bengaluru,Zone Central,Zone Central,Limited
RT-0023,208001,Kanpur,452001,Indore,614,2,Kanpur → Indore,Kanpur → Indore,Zone North,Zone West,Available
RT-0024,492001,Raipur,500001,Hyderabad,542,2,Raipur → Hyderabad,Raipur → Hyderabad,Zone South,Zone West,Available
RT-0025,500001,Hyderabad,400001,Mumbai,621,2,Hyderabad → Mumbai,Hyderabad → Mumbai,Zone South,Zone South,Available
RT-0026,422001,Nashik,122001,Gurugram,996,3,Nashik → Gurugram,Nashik → Gurugram,Zone Central,Zone South,Available
RT-0027,422001,Nashik,500001,Hyderabad,574,2,Nashik → Hyderabad,Nashik → Hyderabad,Zone Central,Zone North,Available
RT-0028,500001,Hyderabad,110001,Delhi,1259,3,Hyderabad → Delhi,Hyderabad → Delhi,Zone South,Zone Central,Available
RT-0029,302001,Jaipur,700001,Kolkata,1358,4,Jaipur → Kolkata,Jaipur → Kolkata,Zone Central,Zone North,Limited
RT-0030,363641,Morbi,462001,Bhopal,675,2,Morbi → Bhopal,Morbi → Bhopal,Zone West,Zone Central,Available
RT-0031,411001,Pune,452001,Indore,511,2,Pune → Indore,Pune → Indore,Zone West,Zone North,Available
RT-0032,452001,Indore,560001,Bengaluru,1099,3,Indore → Bengaluru,Indore → Bengaluru,Zone South,Zone East,Available
RT-0033,380001,Ahmedabad,226001,Lucknow,945,3,Ahmedabad → Lucknow,Ahmedabad → Lucknow,Zone West,Zone East,Available
RT-0034,380001,Ahmedabad,440001,Nagpur,703,2,Ahmedabad → Nagpur,Ahmedabad → Nagpur (HQ),Zone North,Zone East,Available
RT-0035,462001,Bhopal,208001,Kanpur,461,2,Bhopal → Kanpur,Bhopal → Kanpur,Zone West,Zone North,Available
RT-0036,400001,Mumbai,395001,Surat,233,1,Mumbai → Surat,Mumbai → Surat,Zone North,Zone North,Available
RT-0037,492001,Raipur,500001,Hyderabad,542,2,Raipur → Hyderabad,Raipur → Hyderabad,Zone East,Zone North,Available
RT-0038,560001,Bengaluru,422001,Nashik,880,2,Bengaluru → Nashik,Bengaluru → Nashik,Zone West,Zone Central,Available
RT-0039,208001,Kanpur,440001,Nagpur,603,2,Kanpur → Nagpur,Kanpur → Nagpur (HQ),Zone Central,Zone Central,Available
RT-0040,422001,Nashik,560001,Bengaluru,880,2,Nashik → Bengaluru,Nashik → Bengaluru,Zone Central,Zone North,Available
RT-0041,380001,Ahmedabad,411001,Pune,518,2,Ahmedabad → Pune,Ahmedabad → Pune,Zone Central,Zone West,Available
RT-0042,492001,Raipur,560001,Bengaluru,1015,3,Raipur → Bengaluru,Raipur → Bengaluru,Zone West,Zone South,Available
RT-0043,452001,Indore,226001,Lucknow,689,2,Indore → Lucknow,Indore → Lucknow,Zone South,Zone North,Available
RT-0044,226001,Lucknow,122001,Gurugram,426,1,Lucknow → Gurugram,Lucknow → Gurugram,Zone South,Zone North,Available
RT-0045,492001,Raipur,411001,Pune,868,2,Raipur → Pune,Raipur → Pune,Zone Central,Zone Central,Available
RT-0046,700001,Kolkata,208001,Kanpur,920,3,Kolkata → Kanpur,Kolkata → Kanpur,Zone Central,Zone West,Available
RT-0047,395001,Surat,700001,Kolkata,1610,4,Surat → Kolkata,Surat → Kolkata,Zone South,Zone Central,Limited
RT-0048,400001,Mumbai,411001,Pune,120,1,Mumbai → Pune,Mumbai → Pune,Zone West,Zone Central,Available
RT-0049,226001,Lucknow,400001,Mumbai,1195,3,Lucknow → Mumbai,Lucknow → Mumbai,Zone North,Zone North,Available
RT-0050,411001,Pune,400001,Mumbai,120,1,Pune → Mumbai,Pune → Mumbai,Zone Central,Zone South,Available
RT-0051,492001,Raipur,560001,Bengaluru,1015,3,Raipur → Bengaluru,Raipur → Bengaluru,Zone West,Zone East,Available
RT-0052,422001,Nashik,462001,Bhopal,521,2,Nashik → Bhopal,Nashik → Bhopal,Zone Central,Zone East,Available
RT-0053,411001,Pune,302001,Jaipur,954,3,Pune → Jaipur,Pune → Jaipur,Zone East,Zone Central,Available
RT-0054,462001,Bhopal,560001,Bengaluru,1144,3,Bhopal → Bengaluru,Bhopal → Bengaluru,Zone East,Zone East,Available
RT-0055,110001,Delhi,560001,Bengaluru,1743,4,Delhi → Bengaluru,Delhi → Bengaluru,Zone East,Zone West,Limited
RT-0056,422001,Nashik,302001,Jaipur,795,2,Nashik → Jaipur,Nashik → Jaipur,Zone East,Zone North,Available
RT-0057,226001,Lucknow,700001,Kolkata,887,2,Lucknow → Kolkata,Lucknow → Kolkata,Zone South,Zone West,Available
RT-0058,700001,Kolkata,122001,Gurugram,1311,3,Kolkata → Gurugram,Kolkata → Gurugram,Zone East,Zone West,Available
RT-0059,492001,Raipur,700001,Kolkata,710,2,Raipur → Kolkata,Raipur → Kolkata,Zone South,Zone North,Available
RT-0060,462001,Bhopal,380001,Ahmedabad,496,2,Bhopal → Ahmedabad,Bhopal → Ahmedabad,Zone West,Zone East,Available
RT-0061,400001,Mumbai,462001,Bhopal,661,2,Mumbai → Bhopal,Mumbai → Bhopal,Zone East,Zone Central,Available
RT-0062,363641,Morbi,380001,Ahmedabad,179,1,Morbi → Ahmedabad,Morbi → Ahmedabad,Zone Central,Zone South,Available
RT-0063,302001,Jaipur,363641,Morbi,676,2,Jaipur → Morbi,Jaipur → Morbi,Zone North,Zone North,Available
RT-0064,400001,Mumbai,492001,Raipur,945,3,Mumbai → Raipur,Mumbai → Raipur,Zone East,Zone West,Available
RT-0065,302001,Jaipur,395001,Surat,705,2,Jaipur → Surat,Jaipur → Surat,Zone North,Zone East,Available
RT-0066,122001,Gurugram,226001,Lucknow,426,1,Gurugram → Lucknow,Gurugram → Lucknow,Zone South,Zone South,Available
RT-0067,411001,Pune,226001,Lucknow,1177,3,Pune → Lucknow,Pune → Lucknow,Zone South,Zone Central,Available
RT-0068,380001,Ahmedabad,411001,Pune,518,2,Ahmedabad → Pune,Ahmedabad → Pune,Zone South,Zone East,Available
RT-0069,492001,Raipur,363641,Morbi,1126,3,Raipur → Morbi,Raipur → Morbi,Zone North,Zone South,Available
RT-0070,226001,Lucknow,500001,Hyderabad,1082,3,Lucknow → Hyderabad,Lucknow → Hyderabad,Zone North,Zone South,Available
RT-0071,500001,Hyderabad,700001,Kolkata,1182,3,Hyderabad → Kolkata,Hyderabad → Kolkata,Zone Central,Zone East,Available
RT-0072,226001,Lucknow,560001,Bengaluru,1582,4,Lucknow → Bengaluru,Lucknow → Bengaluru,Zone Central,Zone North,Limited
RT-0073,452001,Indore,500001,Hyderabad,654,2,Indore → Hyderabad,Indore → Hyderabad,Zone East,Zone North,Available
RT-0074,700001,Kolkata,411001,Pune,1575,4,Kolkata → Pune,Kolkata → Pune,Zone North,Zone North,Limited
RT-0075,226001,Lucknow,462001,Bhopal,535,2,Lucknow → Bhopal,Lucknow → Bhopal,Zone East,Zone East,Available
RT-0076,700001,Kolkata,422001,Nashik,1536,4,Kolkata → Nashik,Kolkata → Nashik,Zone South,Zone West,Limited
RT-0077,452001,Indore,122001,Gurugram,649,2,Indore → Gurugram,Indore → Gurugram,Zone West,Zone North,Available
RT-0078,395001,Surat,208001,Kanpur,962,3,Surat → Kanpur,Surat → Kanpur,Zone Central,Zone Central,Available
RT-0079,452001,Indore,380001,Ahmedabad,338,1,Indore → Ahmedabad,Indore → Ahmedabad,Zone North,Zone North,Available
RT-0080,500001,Hyderabad,110001,Delhi,1259,3,Hyderabad → Delhi,Hyderabad → Delhi,Zone West,Zone East,Available
RT-0081,452001,Indore,400001,Mumbai,510,2,Indore → Mumbai,Indore → Mumbai,Zone North,Zone East,Available
RT-0082,400001,Mumbai,411001,Pune,120,1,Mumbai → Pune,Mumbai → Pune,Zone East,Zone Central,Available
RT-0083,302001,Jaipur,452001,Indore,466,2,Jaipur → Indore,Jaipur → Indore,Zone South,Zone East,Available
RT-0084,462001,Bhopal,226001,Lucknow,535,2,Bhopal → Lucknow,Bhopal → Lucknow,Zone North,Zone West,Available
RT-0085,411001,Pune,452001,Indore,511,2,Pune → Indore,Pune → Indore,Zone Central,Zone South,Available
RT-0086,110001,Delhi,500001,Hyderabad,1259,3,Delhi → Hyderabad,Delhi → Hyderabad,Zone East,Zone North,Available
RT-0087,363641,Morbi,440001,Nagpur,871,2,Morbi → Nagpur,Morbi → Nagpur (HQ),Zone Central,Zone East,Available
RT-0088,500001,Hyderabad,422001,Nashik,574,2,Hyderabad → Nashik,Hyderabad → Nashik,Zone North,Zone Central,Available
RT-0089,440001,Nagpur,492001,Raipur,264,1,Nagpur → Raipur,Nagpur (HQ) → Raipur,Zone East,Zone East,Available
RT-0090,440001,Nagpur,302001,Jaipur,723,2,Nagpur → Jaipur,Nagpur (HQ) → Jaipur,Zone Central,Zone Central,Available
RT-0091,122001,Gurugram,380001,Ahmedabad,751,2,Gurugram → Ahmedabad,Gurugram → Ahmedabad,Zone East,Zone West,Available
RT-0092,462001,Bhopal,208001,Kanpur,461,2,Bhopal → Kanpur,Bhopal → Kanpur,Zone East,Zone West,Available
RT-0093,422001,Nashik,400001,Mumbai,140,1,Nashik → Mumbai,Nashik → Mumbai,Zone North,Zone East,Available
RT-0094,363641,Morbi,400001,Mumbai,466,2,Morbi → Mumbai,Morbi → Mumbai,Zone West,Zone East,Available
RT-0095,411001,Pune,122001,Gurugram,1151,3,Pune → Gurugram,Pune → Gurugram,Zone Central,Zone Central,Available
RT-0096,492001,Raipur,208001,Kanpur,593,2,Raipur → Kanpur,Raipur → Kanpur,Zone Central,Zone South,Available
RT-0097,560001,Bengaluru,226001,Lucknow,1582,4,Bengaluru → Lucknow,Bengaluru → Lucknow,Zone Central,Zone North,Limited
RT-0098,122001,Gurugram,492001,Raipur,926,3,Gurugram → Raipur,Gurugram → Raipur,Zone West,Zone South,Available
RT-0099,560001,Bengaluru,208001,Kanpur,1526,4,Bengaluru → Kanpur,Bengaluru → Kanpur,Zone Central,Zone West,Limited
RT-0100,302001,Jaipur,226001,Lucknow,512,2,Jaipur → Lucknow,Jaipur → Lucknow,Zone West,Zone North,Available
RT-0101,226001,Lucknow,363641,Morbi,1114,3,Lucknow → Morbi,Lucknow → Morbi,Zone West,Zone East,Available
RT-0102,208001,Kanpur,380001,Ahmedabad,871,2,Kanpur → Ahmedabad,Kanpur → Ahmedabad,Zone South,Zone North,Available
RT-0103,363641,Morbi,208001,Kanpur,1041,3,Morbi → Kanpur,Morbi → Kanpur,Zone North,Zone West,Available
RT-0104,395001,Surat,122001,Gurugram,914,3,Surat → Gurugram,Surat → Gurugram,Zone West,Zone Central,Available
RT-0105,462001,Bhopal,110001,Delhi,599,2,Bhopal → Delhi,Bhopal → Delhi,Zone Central,Zone West,Available
RT-0106,492001,Raipur,208001,Kanpur,593,2,Raipur → Kanpur,Raipur → Kanpur,Zone Central,Zone North,Available
RT-0107,462001,Bhopal,395001,Surat,526,2,Bhopal → Surat,Bhopal → Surat,Zone Central,Zone Central,Available
RT-0108,411001,Pune,422001,Nashik,164,1,Pune → Nashik,Pune → Nashik,Zone West,Zone West,Available
RT-0109,422001,Nashik,700001,Kolkata,1536,4,Nashik → Kolkata,Nashik → Kolkata,Zone East,Zone South,Limited
RT-0110,122001,Gurugram,363641,Morbi,882,2,Gurugram → Morbi,Gurugram → Morbi,Zone East,Zone Central,Available
RT-0111,422001,Nashik,110001,Delhi,1022,3,Nashik → Delhi,Nashik → Delhi,Zone Central,Zone East,Available
RT-0112,492001,Raipur,380001,Ahmedabad,953,3,Raipur → Ahmedabad,Raipur → Ahmedabad,Zone East,Zone Central,Available
RT-0113,700001,Kolkata,208001,Kanpur,920,3,Kolkata → Kanpur,Kolkata → Kanpur,Zone Central,Zone South,Available
RT-0114,302001,Jaipur,560001,Bengaluru,1561,4,Jaipur → Bengaluru,Jaipur → Bengaluru,Zone West,Zone North,Limited
RT-0115,122001,Gurugram,700001,Kolkata,1311,3,Gurugram → Kolkata,Gurugram → Kolkata,Zone West,Zone East,Available
RT-0116,700001,Kolkata,422001,Nashik,1536,4,Kolkata → Nashik,Kolkata → Nashik,Zone South,Zone Central,Limited
RT-0117,380001,Ahmedabad,422001,Nashik,359,1,Ahmedabad → Nashik,Ahmedabad → Nashik,Zone West,Zone East,Available
RT-0118,395001,Surat,380001,Ahmedabad,208,1,Surat → Ahmedabad,Surat → Ahmedabad,Zone South,Zone West,Available
RT-0119,400001,Mumbai,560001,Bengaluru,845,2,Mumbai → Bengaluru,Mumbai → Bengaluru,Zone South,Zone East,Available
RT-0120,422001,Nashik,226001,Lucknow,1055,3,Nashik → Lucknow,Nashik → Lucknow,Zone East,Zone Central,Available
RT-0121,363641,Morbi,110001,Delhi,910,3,Morbi → Delhi,Morbi → Delhi,Zone West,Zone North,Available
RT-0122,380001,Ahmedabad,411001,Pune,518,2,Ahmedabad → Pune,Ahmedabad → Pune,Zone East,Zone Central,Available
RT-0123,380001,Ahmedabad,411001,Pune,518,2,Ahmedabad → Pune,Ahmedabad → Pune,Zone Central,Zone East,Available
RT-0124,452001,Indore,380001,Ahmedabad,338,1,Indore → Ahmedabad,Indore → Ahmedabad,Zone East,Zone North,Available
RT-0125,452001,Indore,302001,Jaipur,466,2,Indore → Jaipur,Indore → Jaipur,Zone Central,Zone Central,Available
RT-0126,462001,Bhopal,400001,Mumbai,661,2,Bhopal → Mumbai,Bhopal → Mumbai,Zone Central,Zone Central,Available
RT-0127,700001,Kolkata,395001,Surat,1610,4,Kolkata → Surat,Kolkata → Surat,Zone North,Zone South,Limited
RT-0128,492001,Raipur,302001,Jaipur,865,2,Raipur → Jaipur,Raipur → Jaipur,Zone North,Zone East,Available
RT-0129,395001,Surat,462001,Bhopal,526,2,Surat → Bhopal,Surat → Bhopal,Zone East,Zone West,Available
RT-0130,400001,Mumbai,492001,Raipur,945,3,Mumbai → Raipur,Mumbai → Raipur,Zone North,Zone Central,Available
RT-0131,492001,Raipur,422001,Nashik,828,2,Raipur → Nashik,Raipur → Nashik,Zone West,Zone Central,Available
RT-0132,500001,Hyderabad,380001,Ahmedabad,879,2,Hyderabad → Ahmedabad,Hyderabad → Ahmedabad,Zone West,Zone West,Available
RT-0133,208001,Kanpur,500001,Hyderabad,1026,3,Kanpur → Hyderabad,Kanpur → Hyderabad,Zone Central,Zone South,Available
RT-0134,492001,Raipur,122001,Gurugram,926,3,Raipur → Gurugram,Raipur → Gurugram,Zone West,Zone East,Available
RT-0135,363641,Morbi,500001,Hyderabad,1001,3,Morbi → Hyderabad,Morbi → Hyderabad,Zone East,Zone Central,Available
RT-0136,422001,Nashik,411001,Pune,164,1,Nashik → Pune,Nashik → Pune,Zone Central,Zone East,Available
RT-0137,122001,Gurugram,226001,Lucknow,426,1,Gurugram → Lucknow,Gurugram → Lucknow,Zone East,Zone South,Available
RT-0138,363641,Morbi,700001,Kolkata,1797,4,Morbi → Kolkata,Morbi → Kolkata,Zone South,Zone North,Limited
RT-0139,462001,Bhopal,363641,Morbi,675,2,Bhopal → Morbi,Bhopal → Morbi,Zone South,Zone Central,Available
RT-0140,380001,Ahmedabad,208001,Kanpur,871,2,Ahmedabad → Kanpur,Ahmedabad → Kanpur,Zone Central,Zone North,Available
RT-0141,440001,Nagpur,110001,Delhi,855,2,Nagpur → Delhi,Nagpur (HQ) → Delhi,Zone North,Zone East,Available
RT-0142,440001,Nagpur,363641,Morbi,871,2,Nagpur → Morbi,Nagpur (HQ) → Morbi,Zone Central,Zone Central,Available
RT-0143,400001,Mumbai,411001,Pune,120,1,Mumbai → Pune,Mumbai → Pune,Zone Central,Zone South,Available
RT-0144,492001,Raipur,440001,Nagpur,264,1,Raipur → Nagpur,Raipur → Nagpur (HQ),Zone North,Zone North,Available
RT-0145,302001,Jaipur,500001,Hyderabad,1095,3,Jaipur → Hyderabad,Jaipur → Hyderabad,Zone South,Zone Central,Available
RT-0146,400001,Mumbai,500001,Hyderabad,621,2,Mumbai → Hyderabad,Mumbai → Hyderabad,Zone North,Zone South,Available
RT-0147,500001,Hyderabad,363641,Morbi,1001,3,Hyderabad → Morbi,Hyderabad → Morbi,Zone East,Zone West,Available
RT-0148,208001,Kanpur,422001,Nashik,980,3,Kanpur → Nashik,Kanpur → Nashik,Zone Central,Zone West,Available
RT-0149,380001,Ahmedabad,422001,Nashik,359,1,Ahmedabad → Nashik,Ahmedabad → Nashik,Zone Central,Zone West,Available
RT-0150,110001,Delhi,302001,Jaipur,238,1,Delhi → Jaipur,Delhi → Jaipur,Zone South,Zone South,Available
RT-0151,110001,Delhi,452001,Indore,673,2,Delhi → Indore,Delhi → Indore,Zone East,Zone Central,Available
RT-0152,560001,Bengaluru,363641,Morbi,1306,3,Bengaluru → Morbi,Bengaluru → Morbi,Zone East,Zone West,Available
RT-0153,492001,Raipur,208001,Kanpur,593,2,Raipur → Kanpur,Raipur → Kanpur,Zone South,Zone Central,Available
RT-0154,452001,Indore,440001,Nagpur,376,1,Indore → Nagpur,Indore → Nagpur (HQ),Zone South,Zone West,Available
RT-0155,500001,Hyderabad,302001,Jaipur,1095,3,Hyderabad → Jaipur,Hyderabad → Jaipur,Zone East,Zone South,Available
RT-0156,226001,Lucknow,700001,Kolkata,887,2,Lucknow → Kolkata,Lucknow → Kolkata,Zone North,Zone East,Available
RT-0157,363641,Morbi,400001,Mumbai,466,2,Morbi → Mumbai,Morbi → Mumbai,Zone Central,Zone South,Available
RT-0158,380001,Ahmedabad,462001,Bhopal,496,2,Ahmedabad → Bhopal,Ahmedabad → Bhopal,Zone West,Zone North,Available
RT-0159,110001,Delhi,208001,Kanpur,392,1,Delhi → Kanpur,Delhi → Kanpur,Zone South,Zone West,Available
RT-0160,500001,Hyderabad,400001,Mumbai,621,2,Hyderabad → Mumbai,Hyderabad → Mumbai,Zone South,Zone North,Available
RT-0161,452001,Indore,208001,Kanpur,614,2,Indore → Kanpur,Indore → Kanpur,Zone North,Zone North,Available
RT-0162,500001,Hyderabad,395001,Surat,727,2,Hyderabad → Surat,Hyderabad → Surat,Zone East,Zone West,Available
RT-0163,411001,Pune,122001,Gurugram,1151,3,Pune → Gurugram,Pune → Gurugram,Zone West,Zone South,Available
RT-0164,700001,Kolkata,422001,Nashik,1536,4,Kolkata → Nashik,Kolkata → Nashik,Zone Central,Zone West,Limited
RT-0165,422001,Nashik,380001,Ahmedabad,359,1,Nashik → Ahmedabad,Nashik → Ahmedabad,Zone Central,Zone Central,Available
RT-0166,400001,Mumbai,395001,Surat,233,1,Mumbai → Surat,Mumbai → Surat,Zone South,Zone North,Available
RT-0167,110001,Delhi,302001,Jaipur,238,1,Delhi → Jaipur,Delhi → Jaipur,Zone North,Zone East,Available
RT-0168,208001,Kanpur,500001,Hyderabad,1026,3,Kanpur → Hyderabad,Kanpur → Hyderabad,Zone East,Zone Central,Available
RT-0169,363641,Morbi,395001,Surat,275,1,Morbi → Surat,Morbi → Surat,Zone North,Zone Central,Available
RT-0170,560001,Bengaluru,302001,Jaipur,1561,4,Bengaluru → Jaipur,Bengaluru → Jaipur,Zone Central,Zone Central,Limited
RT-0171,122001,Gurugram,208001,Kanpur,395,1,Gurugram → Kanpur,Gurugram → Kanpur,Zone South,Zone South,Available
RT-0172,500001,Hyderabad,462001,Bhopal,663,2,Hyderabad → Bhopal,Hyderabad → Bhopal,Zone South,Zone South,Available
RT-0173,226001,Lucknow,110001,Delhi,418,1,Lucknow → Delhi,Lucknow → Delhi,Zone East,Zone East,Available
RT-0174,400001,Mumbai,208001,Kanpur,1120,3,Mumbai → Kanpur,Mumbai → Kanpur,Zone Central,Zone Central,Available
RT-0175,500001,Hyderabad,560001,Bengaluru,500,2,Hyderabad → Bengaluru,Hyderabad → Bengaluru,Zone Central,Zone North,Available
RT-0176,302001,Jaipur,422001,Nashik,795,2,Jaipur → Nashik,Jaipur → Nashik,Zone Central,Zone South,Available
RT-0177,380001,Ahmedabad,462001,Bhopal,496,2,Ahmedabad → Bhopal,Ahmedabad → Bhopal,Zone East,Zone East,Available
RT-0178,363641,Morbi,560001,Bengaluru,1306,3,Morbi → Bengaluru,Morbi → Bengaluru,Zone West,Zone Central,Available
RT-0179,452001,Indore,110001,Delhi,673,2,Indore → Delhi,Indore → Delhi,Zone South,Zone East,Available
RT-0180,208001,Kanpur,411001,Pune,1104,3,Kanpur → Pune,Kanpur → Pune,Zone South,Zone North,Available
RT-0181,411001,Pune,395001,Surat,314,1,Pune → Surat,Pune → Surat,Zone East,Zone West,Available
RT-0182,110001,Delhi,462001,Bhopal,599,2,Delhi → Bhopal,Delhi → Bhopal,Zone West,Zone North,Available
RT-0183,452001,Indore,122001,Gurugram,649,2,Indore → Gurugram,Indore → Gurugram,Zone East,Zone South,Available
RT-0184,110001,Delhi,122001,Gurugram,28,1,Delhi → Gurugram,Delhi → Gurugram,Zone East,Zone Central,Available
RT-0185,363641,Morbi,302001,Jaipur,676,2,Morbi → Jaipur,Morbi → Jaipur,Zone East,Zone East,Available
RT-0186,700001,Kolkata,500001,Hyderabad,1182,3,Kolkata → Hyderabad,Kolkata → Hyderabad,Zone West,Zone West,Available
RT-0187,440001,Nagpur,400001,Mumbai,688,2,Nagpur → Mumbai,Nagpur (HQ) → Mumbai,Zone Central,Zone East,Available
RT-0188,560001,Bengaluru,208001,Kanpur,1526,4,Bengaluru → Kanpur,Bengaluru → Kanpur,Zone East,Zone East,Limited
RT-0189,226001,Lucknow,411001,Pune,1177,3,Lucknow → Pune,Lucknow → Pune,Zone East,Zone West,Available
RT-0190,363641,Morbi,452001,Indore,515,2,Morbi → Indore,Morbi → Indore,Zone West,Zone East,Available
RT-0191,380001,Ahmedabad,110001,Delhi,779,2,Ahmedabad → Delhi,Ahmedabad → Delhi,Zone West,Zone West,Available
RT-0192,400001,Mumbai,422001,Nashik,140,1,Mumbai → Nashik,Mumbai → Nashik,Zone East,Zone East,Available
RT-0193,380001,Ahmedabad,440001,Nagpur,703,2,Ahmedabad → Nagpur,Ahmedabad → Nagpur (HQ),Zone South,Zone North,Available
RT-0194,400001,Mumbai,110001,Delhi,1151,3,Mumbai → Delhi,Mumbai → Delhi,Zone North,Zone South,Available
RT-0195,208001,Kanpur,122001,Gurugram,395,1,Kanpur → Gurugram,Kanpur → Gurugram,Zone West,Zone South,Available
RT-0196,226001,Lucknow,380001,Ahmedabad,945,3,Lucknow → Ahmedabad,Lucknow → Ahmedabad,Zone East,Zone South,Available
RT-0197,302001,Jaipur,110001,Delhi,238,1,Jaipur → Delhi,Jaipur → Delhi,Zone North,Zone North,Available
RT-0198,122001,Gurugram,452001,Indore,649,2,Gurugram → Indore,Gurugram → Indore,Zone South,Zone West,Available
RT-0199,440001,Nagpur,411001,Pune,620,2,Nagpur → Pune,Nagpur (HQ) → Pune,Zone North,Zone North,Available
RT-0200,452001,Indore,380001,Ahmedabad,338,1,Indore → Ahmedabad,Indore → Ahmedabad,Zone East,Zone North,Available
RT-0201,462001,Bhopal,395001,Surat,526,2,Bhopal → Surat,Bhopal → Surat,Zone North,Zone North,Available
RT-0202,452001,Indore,462001,Bhopal,170,1,Indore → Bhopal,Indore → Bhopal,Zone South,Zone Central,Available
RT-0203,500001,Hyderabad,110001,Delhi,1259,3,Hyderabad → Delhi,Hyderabad → Delhi,Zone East,Zone Central,Available
RT-0204,700001,Kolkata,395001,Surat,1610,4,Kolkata → Surat,Kolkata → Surat,Zone Central,Zone East,Limited
RT-0205,500001,Hyderabad,380001,Ahmedabad,879,2,Hyderabad → Ahmedabad,Hyderabad → Ahmedabad,Zone West,Zone West,Available
RT-0206,400001,Mumbai,440001,Nagpur,688,2,Mumbai → Nagpur,Mumbai → Nagpur (HQ),Zone Central,Zone Central,Available
RT-0207,452001,Indore,122001,Gurugram,649,2,Indore → Gurugram,Indore → Gurugram,Zone Central,Zone North,Available
RT-0208,400001,Mumbai,452001,Indore,510,2,Mumbai → Indore,Mumbai → Indore,Zone West,Zone North,Available
RT-0209,400001,Mumbai,700001,Kolkata,1655,4,Mumbai → Kolkata,Mumbai → Kolkata,Zone North,Zone East,Limited
RT-0210,422001,Nashik,226001,Lucknow,1055,3,Nashik → Lucknow,Nashik → Lucknow,Zone South,Zone East,Available
RT-0211,422001,Nashik,208001,Kanpur,980,3,Nashik → Kanpur,Nashik → Kanpur,Zone West,Zone South,Available
RT-0212,395001,Surat,452001,Indore,357,1,Surat → Indore,Surat → Indore,Zone West,Zone East,Available
RT-0213,452001,Indore,560001,Bengaluru,1099,3,Indore → Bengaluru,Indore → Bengaluru,Zone Central,Zone Central,Available
RT-0214,400001,Mumbai,452001,Indore,510,2,Mumbai → Indore,Mumbai → Indore,Zone Central,Zone West,Available
RT-0215,302001,Jaipur,110001,Delhi,238,1,Jaipur → Delhi,Jaipur → Delhi,Zone South,Zone East,Available
RT-0216,395001,Surat,462001,Bhopal,526,2,Surat → Bhopal,Surat → Bhopal,Zone East,Zone North,Available
RT-0217,560001,Bengaluru,422001,Nashik,880,2,Bengaluru → Nashik,Bengaluru → Nashik,Zone South,Zone North,Available
RT-0218,208001,Kanpur,500001,Hyderabad,1026,3,Kanpur → Hyderabad,Kanpur → Hyderabad,Zone South,Zone West,Available
RT-0219,452001,Indore,500001,Hyderabad,654,2,Indore → Hyderabad,Indore → Hyderabad,Zone North,Zone East,Available
RT-0220,122001,Gurugram,700001,Kolkata,1311,3,Gurugram → Kolkata,Gurugram → Kolkata,Zone South,Zone Central,Available
RT-0221,560001,Bengaluru,700001,Kolkata,1561,4,Bengaluru → Kolkata,Bengaluru → Kolkata,Zone West,Zone South,Limited
RT-0222,208001,Kanpur,395001,Surat,962,3,Kanpur → Surat,Kanpur → Surat,Zone Central,Zone West,Available
RT-0223,560001,Bengaluru,500001,Hyderabad,500,2,Bengaluru → Hyderabad,Bengaluru → Hyderabad,Zone West,Zone East,Available
RT-0224,110001,Delhi,208001,Kanpur,392,1,Delhi → Kanpur,Delhi → Kanpur,Zone West,Zone West,Available
RT-0225,700001,Kolkata,122001,Gurugram,1311,3,Kolkata → Gurugram,Kolkata → Gurugram,Zone West,Zone East,Available
RT-0226,500001,Hyderabad,395001,Surat,727,2,Hyderabad → Surat,Hyderabad → Surat,Zone North,Zone Central,Available
RT-0227,560001,Bengaluru,363641,Morbi,1306,3,Bengaluru → Morbi,Bengaluru → Morbi,Zone Central,Zone North,Available
RT-0228,122001,Gurugram,560001,Bengaluru,1723,4,Gurugram → Bengaluru,Gurugram → Bengaluru,Zone West,Zone East,Limited
RT-0229,440001,Nagpur,560001,Bengaluru,923,3,Nagpur → Bengaluru,Nagpur (HQ) → Bengaluru,Zone South,Zone West,Available
RT-0230,462001,Bhopal,492001,Raipur,488,2,Bhopal → Raipur,Bhopal → Raipur,Zone West,Zone West,Available
RT-0231,395001,Surat,302001,Jaipur,705,2,Surat → Jaipur,Surat → Jaipur,Zone North,Zone North,Available
RT-0232,302001,Jaipur,363641,Morbi,676,2,Jaipur → Morbi,Jaipur → Morbi,Zone South,Zone North,Available
RT-0233,500001,Hyderabad,440001,Nagpur,423,1,Hyderabad → Nagpur,Hyderabad → Nagpur (HQ),Zone East,Zone South,Available
RT-0234,226001,Lucknow,440001,Nagpur,661,2,Lucknow → Nagpur,Lucknow → Nagpur (HQ),Zone North,Zone South,Available
RT-0235,700001,Kolkata,302001,Jaipur,1358,4,Kolkata → Jaipur,Kolkata → Jaipur,Zone South,Zone North,Limited
RT-0236,500001,Hyderabad,422001,Nashik,574,2,Hyderabad → Nashik,Hyderabad → Nashik,Zone East,Zone North,Available
RT-0237,700001,Kolkata,395001,Surat,1610,4,Kolkata → Surat,Kolkata → Surat,Zone South,Zone North,Limited
RT-0238,110001,Delhi,122001,Gurugram,28,1,Delhi → Gurugram,Delhi → Gurugram,Zone East,Zone East,Available
RT-0239,422001,Nashik,110001,Delhi,1022,3,Nashik → Delhi,Nashik → Delhi,Zone South,Zone North,Available
RT-0240,462001,Bhopal,208001,Kanpur,461,2,Bhopal → Kanpur,Bhopal → Kanpur,Zone East,Zone East,Available
RT-0241,492001,Raipur,380001,Ahmedabad,953,3,Raipur → Ahmedabad,Raipur → Ahmedabad,Zone Central,Zone West,Available
RT-0242,110001,Delhi,226001,Lucknow,418,1,Delhi → Lucknow,Delhi → Lucknow,Zone South,Zone North,Available
RT-0243,492001,Raipur,122001,Gurugram,926,3,Raipur → Gurugram,Raipur → Gurugram,Zone Central,Zone North,Available
RT-0244,452001,Indore,208001,Kanpur,614,2,Indore → Kanpur,Indore → Kanpur,Zone Central,Zone East,Available
RT-0245,400001,Mumbai,422001,Nashik,140,1,Mumbai → Nashik,Mumbai → Nashik,Zone North,Zone Central,Available
RT-0246,302001,Jaipur,560001,Bengaluru,1561,4,Jaipur → Bengaluru,Jaipur → Bengaluru,Zone North,Zone East,Limited
RT-0247,122001,Gurugram,500001,Hyderabad,1240,3,Gurugram → Hyderabad,Gurugram → Hyderabad,Zone East,Zone South,Available
RT-0248,110001,Delhi,302001,Jaipur,238,1,Delhi → Jaipur,Delhi → Jaipur,Zone Central,Zone North,Available
RT-0249,500001,Hyderabad,226001,Lucknow,1082,3,Hyderabad → Lucknow,Hyderabad → Lucknow,Zone North,Zone East,Available
RT-0250,560001,Bengaluru,500001,Hyderabad,500,2,Bengaluru → Hyderabad,Bengaluru → Hyderabad,Zone East,Zone East,Available
RT-0251,302001,Jaipur,492001,Raipur,865,2,Jaipur → Raipur,Jaipur → Raipur,Zone East,Zone East,Available
RT-0252,400001,Mumbai,226001,Lucknow,1195,3,Mumbai → Lucknow,Mumbai → Lucknow,Zone East,Zone West,Available
RT-0253,400001,Mumbai,462001,Bhopal,661,2,Mumbai → Bhopal,Mumbai → Bhopal,Zone West,Zone North,Available
RT-0254,700001,Kolkata,110001,Delhi,1305,3,Kolkata → Delhi,Kolkata → Delhi,Zone Central,Zone West,Available
RT-0255,395001,Surat,492001,Raipur,912,3,Surat → Raipur,Surat → Raipur,Zone Central,Zone West,Available
RT-0256,302001,Jaipur,208001,Kanpur,454,2,Jaipur → Kanpur,Jaipur → Kanpur,Zone East,Zone Central,Available
RT-0257,122001,Gurugram,462001,Bhopal,579,2,Gurugram → Bhopal,Gurugram → Bhopal,Zone North,Zone South,Available
RT-0258,492001,Raipur,400001,Mumbai,945,3,Raipur → Mumbai,Raipur → Mumbai,Zone East,Zone North,Available
RT-0259,560001,Bengaluru,400001,Mumbai,845,2,Bengaluru → Mumbai,Bengaluru → Mumbai,Zone South,Zone North,Available
RT-0260,208001,Kanpur,411001,Pune,1104,3,Kanpur → Pune,Kanpur → Pune,Zone Central,Zone West,Available
RT-0261,363641,Morbi,422001,Nashik,437,1,Morbi → Nashik,Morbi → Nashik,Zone West,Zone West,Available
RT-0262,492001,Raipur,500001,Hyderabad,542,2,Raipur → Hyderabad,Raipur → Hyderabad,Zone North,Zone Central,Available
RT-0263,122001,Gurugram,226001,Lucknow,426,1,Gurugram → Lucknow,Gurugram → Lucknow,Zone East,Zone Central,Available
RT-0264,400001,Mumbai,122001,Gurugram,1125,3,Mumbai → Gurugram,Mumbai → Gurugram,Zone East,Zone South,Available
RT-0265,452001,Indore,122001,Gurugram,649,2,Indore → Gurugram,Indore → Gurugram,Zone South,Zone Central,Available
RT-0266,462001,Bhopal,122001,Gurugram,579,2,Bhopal → Gurugram,Bhopal → Gurugram,Zone East,Zone North,Available
RT-0267,500001,Hyderabad,411001,Pune,506,2,Hyderabad → Pune,Hyderabad → Pune,Zone West,Zone South,Available
RT-0268,302001,Jaipur,560001,Bengaluru,1561,4,Jaipur → Bengaluru,Jaipur → Bengaluru,Zone East,Zone East,Limited
RT-0269,110001,Delhi,400001,Mumbai,1151,3,Delhi → Mumbai,Delhi → Mumbai,Zone South,Zone South,Available
RT-0270,380001,Ahmedabad,560001,Bengaluru,1237,3,Ahmedabad → Bengaluru,Ahmedabad → Bengaluru,Zone North,Zone East,Available
RT-0271,700001,Kolkata,380001,Ahmedabad,1619,4,Kolkata → Ahmedabad,Kolkata → Ahmedabad,Zone South,Zone North,Limited
RT-0272,500001,Hyderabad,363641,Morbi,1001,3,Hyderabad → Morbi,Hyderabad → Morbi,Zone North,Zone Central,Available
RT-0273,452001,Indore,411001,Pune,511,2,Indore → Pune,Indore → Pune,Zone North,Zone West,Available
RT-0274,380001,Ahmedabad,411001,Pune,518,2,Ahmedabad → Pune,Ahmedabad → Pune,Zone South,Zone West,Available
RT-0275,560001,Bengaluru,462001,Bhopal,1144,3,Bengaluru → Bhopal,Bengaluru → Bhopal,Zone South,Zone Central,Available
RT-0276,411001,Pune,110001,Delhi,1176,3,Pune → Delhi,Pune → Delhi,Zone Central,Zone South,Available
RT-0277,208001,Kanpur,110001,Delhi,392,1,Kanpur → Delhi,Kanpur → Delhi,Zone West,Zone West,Available
RT-0278,400001,Mumbai,500001,Hyderabad,621,2,Mumbai → Hyderabad,Mumbai → Hyderabad,Zone East,Zone Central,Available
RT-0279,380001,Ahmedabad,226001,Lucknow,945,3,Ahmedabad → Lucknow,Ahmedabad → Lucknow,Zone South,Zone North,Available
RT-0280,395001,Surat,452001,Indore,357,1,Surat → Indore,Surat → Indore,Zone Central,Zone West,Available
RT-0281,208001,Kanpur,395001,Surat,962,3,Kanpur → Surat,Kanpur → Surat,Zone North,Zone West,Available
RT-0282,411001,Pune,122001,Gurugram,1151,3,Pune → Gurugram,Pune → Gurugram,Zone East,Zone Central,Available
RT-0283,122001,Gurugram,422001,Nashik,996,3,Gurugram → Nashik,Gurugram → Nashik,Zone West,Zone Central,Available
RT-0284,226001,Lucknow,400001,Mumbai,1195,3,Lucknow → Mumbai,Lucknow → Mumbai,Zone West,Zone East,Available
RT-0285,363641,Morbi,208001,Kanpur,1041,3,Morbi → Kanpur,Morbi → Kanpur,Zone East,Zone South,Available
RT-0286,462001,Bhopal,226001,Lucknow,535,2,Bhopal → Lucknow,Bhopal → Lucknow,Zone West,Zone South,Available
RT-0287,500001,Hyderabad,208001,Kanpur,1026,3,Hyderabad → Kanpur,Hyderabad → Kanpur,Zone West,Zone East,Available
RT-0288,395001,Surat,411001,Pune,314,1,Surat → Pune,Surat → Pune,Zone West,Zone East,Available
RT-0289,462001,Bhopal,110001,Delhi,599,2,Bhopal → Delhi,Bhopal → Delhi,Zone East,Zone North,Available
RT-0290,110001,Delhi,700001,Kolkata,1305,3,Delhi → Kolkata,Delhi → Kolkata,Zone North,Zone Central,Available
RT-0291,422001,Nashik,492001,Raipur,828,2,Nashik → Raipur,Nashik → Raipur,Zone Central,Zone West,Available
