pod_id,lr_no,cn_no,client_id,branch_id,uploaded_by,file_name,upload_dt,status
POD-0001,LR-8501,CN-90501,CUST-0090,BR-018,Gopal Kale,POD_8501.pdf,2026-08-20 08:00:00,Uploaded
POD-0002,LR-8502,CN-90502,CUST-0122,BR-017,Yogesh Jha,POD_8502.jpg,2026-07-22 06:00:00,Uploaded
POD-0003,LR-8503,CN-90503,CUST-0041,BR-006,Raghunath Jha,POD_8503.jpg,2026-08-03 04:00:00,Approved
POD-0004,LR-8504,CN-90504,CUST-0070,BR-011,Rajesh Malhotra,POD_8504.pdf,2026-08-24 04:00:00,Approved
POD-0005,LR-8505,CN-90505,CUST-0002,BR-014,Sanjay Kulkarni,POD_8505.jpg,2026-08-20 07:00:00,Approved
POD-0006,LR-8506,CN-90506,CUST-0090,BR-018,Mahesh Yadav,POD_8506.jpg,2026-07-18 12:00:00,Uploaded
POD-0007,LR-8507,CN-90507,CUST-0055,BR-010,Sanjay Kulkarni,POD_8507.jpg,2026-07-28 03:00:00,Approved
POD-0008,LR-8510,CN-90510,CUST-0166,BR-013,Mahesh Yadav,POD_8510.pdf,2026-08-12 07:00:00,Verified
POD-0009,LR-8511,CN-90511,CUST-0162,BR-018,Amardip Jain,POD_8511.pdf,2026-08-05 09:00:00,Approved
POD-0010,LR-8513,CN-90513,CUST-0127,BR-009,Gopal More,POD_8513.jpg,2026-07-18 09:00:00,Approved
POD-0011,LR-8514,CN-90514,CUST-0170,BR-014,Gopal More,POD_8514.pdf,2026-08-24 09:00:00,Approved
POD-0012,LR-8515,CN-90515,CUST-0123,BR-018,Manoj Jha,POD_8515.jpg,2026-08-09 03:00:00,Approved
POD-0013,LR-8516,CN-90516,CUST-0061,BR-011,Yogesh Jha,POD_8516.jpg,2026-08-07 04:00:00,Verified
POD-0014,LR-8517,CN-90517,CUST-0170,BR-014,Farida Chavan,POD_8517.jpg,2026-07-10 02:00:00,Approved
POD-0015,LR-8518,CN-90518,CUST-0134,BR-011,Imran Shaikh,POD_8518.jpg,2026-08-18 07:00:00,Uploaded
POD-0016,LR-8519,CN-90519,CUST-0160,BR-015,Sanjay Kulkarni,POD_8519.pdf,2026-08-13 07:00:00,Uploaded
POD-0017,LR-8520,CN-90520,CUST-0172,BR-013,Arif Sharma,POD_8520.pdf,2026-08-02 05:00:00,Uploaded
POD-0018,LR-8521,CN-90521,CUST-0209,BR-011,Santosh Pawar,POD_8521.jpg,2026-08-17 10:00:00,Verified
POD-0019,LR-8522,CN-90522,CUST-0070,BR-011,Vikram Khan,POD_8522.jpg,2026-08-23 07:00:00,Verified
POD-0020,LR-8523,CN-90523,CUST-0090,BR-018,Amardip Jain,POD_8523.jpg,2026-08-19 07:00:00,Approved
POD-0021,LR-8524,CN-90524,CUST-0049,BR-016,Nandini Gupta,POD_8524.jpg,2026-08-01 11:00:00,Approved
POD-0022,LR-8527,CN-90527,CUST-0140,BR-001,Vikram Khan,POD_8527.jpg,2026-07-27 09:00:00,Approved
POD-0023,LR-8528,CN-90528,CUST-0115,BR-010,Tarun Rathod,POD_8528.pdf,2026-08-08 08:00:00,Verified
POD-0024,LR-8529,CN-90529,CUST-0029,BR-017,Tarun Patel,POD_8529.pdf,2026-07-23 12:00:00,Uploaded
POD-0025,LR-8530,CN-90530,CUST-0054,BR-011,Rohit Wankhede,POD_8530.pdf,2026-07-09 05:00:00,Approved
POD-0026,LR-8531,CN-90531,CUST-0070,BR-011,Lata Sai,POD_8531.jpg,2026-08-14 09:00:00,Uploaded
POD-0027,LR-8532,CN-90532,CUST-0097,BR-001,Ramesh Yadav,POD_8532.pdf,2026-08-15 06:00:00,Approved
POD-0028,LR-8533,CN-90533,CUST-0177,BR-005,Yogesh Jha,POD_8533.jpg,2026-07-31 04:00:00,Uploaded
POD-0029,LR-8534,CN-90534,CUST-0089,BR-017,Vikram Gupta,POD_8534.jpg,2026-08-23 03:00:00,Approved
POD-0030,LR-8535,CN-90535,CUST-0205,BR-001,Neha Deshmukh,POD_8535.jpg,2026-08-18 06:00:00,Approved
POD-0031,LR-8536,CN-90536,CUST-0055,BR-010,Gopal Kale,POD_8536.jpg,2026-08-08 09:00:00,Verified
POD-0032,LR-8537,CN-90537,CUST-0140,BR-001,Imran Singh,POD_8537.jpg,2026-08-19 01:00:00,Verified
POD-0033,LR-8538,CN-90538,CUST-0210,BR-005,Prakash Singh,POD_8538.pdf,2026-08-22 08:00:00,Verified
POD-0034,LR-8539,CN-90539,CUST-0038,BR-005,Prakash Singh,POD_8539.pdf,2026-08-15 11:00:00,Approved
POD-0035,LR-8540,CN-90540,CUST-0105,BR-001,Yogesh Kale,POD_8540.jpg,2026-07-21 02:00:00,Approved
POD-0036,LR-8541,CN-90541,CUST-0024,BR-015,Rajesh Nair,POD_8541.jpg,2026-07-15 05:00:00,Approved
POD-0037,LR-8542,CN-90542,CUST-0050,BR-014,Sameer Verma,POD_8542.jpg,2026-07-27 05:00:00,Verified
POD-0038,LR-8544,CN-90544,CUST-0162,BR-018,Suresh Khan,POD_8544.pdf,2026-07-16 12:00:00,Verified
POD-0039,LR-8545,CN-90545,CUST-0162,BR-018,Vikram Khan,POD_8545.jpg,2026-08-22 04:00:00,Approved
POD-0040,LR-8546,CN-90546,CUST-0077,BR-002,Vikram Khan,POD_8546.pdf,2026-08-14 12:00:00,Approved
POD-0041,LR-8547,CN-90547,CUST-0036,BR-008,Sanjay Joshi,POD_8547.pdf,2026-08-29 05:00:00,Approved
POD-0042,LR-8548,CN-90548,CUST-0040,BR-013,Pooja Kulkarni,POD_8548.pdf,2026-08-09 11:00:00,Approved
POD-0043,LR-8549,CN-90549,CUST-0152,BR-017,Sanjay Kulkarni,POD_8549.pdf,2026-08-01 11:00:00,Approved
POD-0044,LR-8550,CN-90550,CUST-0020,BR-001,Nandini Gupta,POD_8550.jpg,2026-08-18 02:00:00,Uploaded
POD-0045,LR-8551,CN-90551,CUST-0182,BR-003,Vikram Khan,POD_8551.pdf,2026-08-16 12:00:00,Approved
POD-0046,LR-8553,CN-90553,CUST-0048,BR-005,Rahul Rathod,POD_8553.jpg,2026-08-21 03:00:00,Verified
POD-0047,LR-8554,CN-90554,CUST-0155,BR-005,Sanjay Kulkarni,POD_8554.pdf,2026-08-25 04:00:00,Uploaded
POD-0048,LR-8555,CN-90555,CUST-0158,BR-018,Sameer Verma,POD_8555.jpg,2026-08-11 01:00:00,Uploaded
POD-0049,LR-8556,CN-90556,CUST-0091,BR-001,Ravi Mehta,POD_8556.jpg,2026-08-04 12:00:00,Uploaded
POD-0050,LR-8557,CN-90557,CUST-0015,BR-009,Imran Sinha,POD_8557.pdf,2026-08-07 10:00:00,Approved
POD-0051,LR-8558,CN-90558,CUST-0055,BR-010,Sanjay Joshi,POD_8558.jpg,2026-08-24 02:00:00,Verified
POD-0052,LR-8559,CN-90559,CUST-0148,BR-016,Santosh Pawar,POD_8559.jpg,2026-07-09 03:00:00,Approved
POD-0053,LR-8560,CN-90560,CUST-0057,BR-006,Arif Sharma,POD_8560.pdf,2026-07-06 12:00:00,Uploaded
POD-0054,LR-8561,CN-90561,CUST-0011,BR-007,Yogesh Kale,POD_8561.jpg,2026-08-10 11:00:00,Uploaded
POD-0055,LR-8562,CN-90562,CUST-0084,BR-006,Yogesh Jha,POD_8562.pdf,2026-08-02 07:00:00,Verified
POD-0056,LR-8564,CN-90564,CUST-0114,BR-006,Anil Sinha,POD_8564.jpg,2026-08-03 11:00:00,Approved
POD-0057,LR-8565,CN-90565,CUST-0134,BR-011,Anil Sinha,POD_8565.jpg,2026-08-22 11:00:00,Uploaded
POD-0058,LR-8566,CN-90566,CUST-0096,BR-010,Vikram Gupta,POD_8566.jpg,2026-08-01 06:00:00,Verified
POD-0059,LR-8567,CN-90567,CUST-0214,BR-014,Prakash Mehta,POD_8567.jpg,2026-08-16 05:00:00,Approved
POD-0060,LR-8568,CN-90568,CUST-0016,BR-001,Rohit Wankhede,POD_8568.jpg,2026-07-25 01:00:00,Uploaded
POD-0061,LR-8569,CN-90569,CUST-0175,BR-008,Anil Verma,POD_8569.jpg,2026-07-17 09:00:00,Approved
POD-0062,LR-8570,CN-90570,CUST-0083,BR-009,Sanjay Kulkarni,POD_8570.pdf,2026-08-18 04:00:00,Approved
POD-0063,LR-8572,CN-90572,CUST-0115,BR-010,Ramesh Yadav,POD_8572.jpg,2026-08-21 04:00:00,Uploaded
POD-0064,LR-8573,CN-90573,CUST-0032,BR-005,Mahesh Dubey,POD_8573.jpg,2026-08-05 06:00:00,Approved
POD-0065,LR-8574,CN-90574,CUST-0192,BR-007,Imran Sinha,POD_8574.pdf,2026-08-11 10:00:00,Uploaded
POD-0066,LR-8576,CN-90576,CUST-0164,BR-002,Pooja Kulkarni,POD_8576.jpg,2026-07-15 08:00:00,Verified
POD-0067,LR-8578,CN-90578,CUST-0055,BR-010,,,,Pending
POD-0068,LR-8579,CN-90579,CUST-0017,BR-013,Amardip Jain,POD_8579.jpg,2026-07-24 07:00:00,Approved
POD-0069,LR-8580,CN-90580,CUST-0023,BR-011,Anil Verma,POD_8580.jpg,2026-08-19 02:00:00,Approved
POD-0070,LR-8581,CN-90581,CUST-0109,BR-006,Lata Kulkarni,POD_8581.pdf,2026-08-17 01:00:00,Uploaded
POD-0071,LR-8582,CN-90582,CUST-0182,BR-003,Prakash Singh,POD_8582.jpg,2026-08-17 05:00:00,Uploaded
POD-0072,LR-8583,CN-90583,CUST-0166,BR-013,Nandini Gupta,POD_8583.jpg,2026-07-25 03:00:00,Approved
POD-0073,LR-8584,CN-90584,CUST-0092,BR-002,Ramesh Yadav,POD_8584.pdf,2026-08-17 10:00:00,Approved
POD-0074,LR-8585,CN-90585,CUST-0132,BR-003,Rohit Wankhede,POD_8585.jpg,2026-08-15 04:00:00,Verified
POD-0075,LR-8589,CN-90589,CUST-0143,BR-001,Ramesh Yadav,POD_8589.pdf,2026-08-21 03:00:00,Verified
POD-0076,LR-8590,CN-90590,CUST-0126,BR-010,Sanjay Kulkarni,POD_8590.jpg,2026-08-09 02:00:00,Approved
POD-0077,LR-8591,CN-90591,CUST-0096,BR-010,Imran Shaikh,POD_8591.pdf,2026-08-20 11:00:00,Approved
POD-0078,LR-8592,CN-90592,CUST-0155,BR-005,Suresh Khan,POD_8592.pdf,2026-08-14 02:00:00,Verified
POD-0079,LR-8594,CN-90594,CUST-0072,BR-005,Sunita Mehta,POD_8594.pdf,2026-07-22 08:00:00,Approved
POD-0080,LR-8595,CN-90595,CUST-0065,BR-009,Tarun Dubey,POD_8595.pdf,2026-08-18 06:00:00,Approved
POD-0081,LR-8596,CN-90596,CUST-0191,BR-012,Gopal More,POD_8596.pdf,2026-08-09 03:00:00,Approved
POD-0082,LR-8597,CN-90597,CUST-0023,BR-011,Vikas Dubey,POD_8597.jpg,2026-08-20 04:00:00,Approved
POD-0083,LR-8598,CN-90598,CUST-0065,BR-009,Vikram Gupta,POD_8598.jpg,2026-08-20 03:00:00,Verified
POD-0084,LR-8600,CN-90600,CUST-0205,BR-001,Tarun Dubey,POD_8600.jpg,2026-07-23 03:00:00,Uploaded
POD-0085,LR-8601,CN-90601,CUST-0018,BR-006,Rohit Wankhede,POD_8601.pdf,2026-08-28 06:00:00,Approved
POD-0086,LR-8602,CN-90602,CUST-0035,BR-008,Vikram Khan,POD_8602.pdf,2026-08-23 03:00:00,Uploaded
POD-0087,LR-8603,CN-90603,CUST-0204,BR-007,Farida Chavan,POD_8603.jpg,2026-07-13 10:00:00,Uploaded
POD-0088,LR-8604,CN-90604,CUST-0174,BR-007,Tarun Dubey,POD_8604.pdf,2026-08-21 06:00:00,Uploaded
POD-0089,LR-8605,CN-90605,CUST-0077,BR-002,Suresh Khan,POD_8605.pdf,2026-08-13 08:00:00,Approved
POD-0090,LR-8606,CN-90606,CUST-0185,BR-001,Prakash Singh,POD_8606.jpg,2026-07-22 11:00:00,Uploaded
POD-0091,LR-8607,CN-90607,CUST-0075,BR-006,Sanjay Joshi,POD_8607.jpg,2026-07-21 07:00:00,Uploaded
POD-0092,LR-8608,CN-90608,CUST-0057,BR-006,Santosh Pawar,POD_8608.jpg,2026-07-18 12:00:00,Approved
POD-0093,LR-8609,CN-90609,CUST-0068,BR-015,Manoj Jha,POD_8609.jpg,2026-07-09 10:00:00,Approved
POD-0094,LR-8610,CN-90610,CUST-0031,BR-002,Vikram Gupta,POD_8610.pdf,2026-08-04 03:00:00,Approved
POD-0095,LR-8611,CN-90611,CUST-0058,BR-007,Anil Sinha,POD_8611.jpg,2026-08-24 08:00:00,Approved
POD-0096,LR-8612,CN-90612,CUST-0022,BR-011,Prakash Singh,POD_8612.jpg,2026-08-09 08:00:00,Verified
POD-0097,LR-8613,CN-90613,CUST-0050,BR-014,Ramesh Joshi,POD_8613.jpg,2026-08-03 05:00:00,Uploaded
POD-0098,LR-8614,CN-90614,CUST-0095,BR-017,Rajesh Malhotra,POD_8614.pdf,2026-08-18 06:00:00,Verified
POD-0099,LR-8615,CN-90615,CUST-0012,BR-001,Sunita Mehta,POD_8615.pdf,2026-07-13 03:00:00,Approved
POD-0100,LR-8616,CN-90616,CUST-0155,BR-005,Jaspreet Bhosale,POD_8616.jpg,2026-08-11 05:00:00,Approved
POD-0101,LR-8617,CN-90617,CUST-0086,BR-008,Yogesh Kale,POD_8617.jpg,2026-07-08 03:00:00,Uploaded
POD-0102,LR-8620,CN-90620,CUST-0206,BR-011,Yogesh Kale,POD_8620.jpg,2026-07-17 11:00:00,Verified
POD-0103,LR-8621,CN-90621,CUST-0186,BR-011,Vikram Gupta,POD_8621.pdf,2026-07-29 09:00:00,Approved
POD-0104,LR-8624,CN-90624,CUST-0024,BR-015,Lata Sai,POD_8624.jpg,2026-08-26 11:00:00,Approved
POD-0105,LR-8625,CN-90625,CUST-0131,BR-004,Suresh Khan,POD_8625.pdf,2026-08-18 07:00:00,Approved
POD-0106,LR-8626,CN-90626,CUST-0104,BR-007,Prakash Mehta,POD_8626.jpg,2026-08-25 04:00:00,Verified
POD-0107,LR-8627,CN-90627,CUST-0143,BR-001,Anil Sinha,POD_8627.jpg,2026-08-13 03:00:00,Approved
POD-0108,LR-8629,CN-90629,CUST-0104,BR-007,Rajesh Malhotra,POD_8629.jpg,2026-08-20 08:00:00,Approved
POD-0109,LR-8631,CN-90631,CUST-0078,BR-012,Ravi Mehta,POD_8631.jpg,2026-08-27 10:00:00,Uploaded
POD-0110,LR-8632,CN-90632,CUST-0173,BR-016,Ramesh Joshi,POD_8632.pdf,2026-08-07 12:00:00,Approved
POD-0111,LR-8633,CN-90633,CUST-0088,BR-001,Tarun Patel,POD_8633.jpg,2026-08-12 11:00:00,Uploaded
POD-0112,LR-8635,CN-90635,CUST-0020,BR-001,Imran Singh,POD_8635.pdf,2026-07-13 05:00:00,Verified
POD-0113,LR-8636,CN-90636,CUST-0048,BR-005,Pooja Kulkarni,POD_8636.pdf,2026-08-01 08:00:00,Approved
POD-0114,LR-8637,CN-90637,CUST-0035,BR-008,Vikram Khan,POD_8637.jpg,2026-08-19 06:00:00,Approved
POD-0115,LR-8638,CN-90638,CUST-0049,BR-016,Jaspreet Bhosale,POD_8638.jpg,2026-07-29 10:00:00,Approved
POD-0116,LR-8639,CN-90639,CUST-0125,BR-010,Pooja Kulkarni,POD_8639.jpg,2026-08-08 03:00:00,Approved
POD-0117,LR-8640,CN-90640,CUST-0099,BR-010,Vikram Khan,POD_8640.jpg,2026-08-18 12:00:00,Uploaded
POD-0118,LR-8641,CN-90641,CUST-0201,BR-014,Sunita Mehta,POD_8641.pdf,2026-08-20 07:00:00,Approved
POD-0119,LR-8642,CN-90642,CUST-0080,BR-012,Pooja Kulkarni,POD_8642.jpg,2026-08-08 02:00:00,Verified
POD-0120,LR-8643,CN-90643,CUST-0122,BR-017,Sanjay Kulkarni,POD_8643.jpg,2026-08-10 06:00:00,Approved
POD-0121,LR-8644,CN-90644,CUST-0087,BR-008,Jaspreet Bhosale,POD_8644.pdf,2026-07-06 02:00:00,Approved
POD-0122,LR-8645,CN-90645,CUST-0201,BR-014,Jaspreet Bhosale,POD_8645.pdf,2026-08-22 07:00:00,Approved
POD-0123,LR-8647,CN-90647,CUST-0034,BR-012,Pooja Kulkarni,POD_8647.pdf,2026-08-13 09:00:00,Approved
POD-0124,LR-8648,CN-90648,CUST-0105,BR-001,,,,Pending
POD-0125,LR-8649,CN-90649,CUST-0154,BR-011,Mahesh Yadav,POD_8649.jpg,2026-08-01 03:00:00,Uploaded
POD-0126,LR-8650,CN-90650,CUST-0118,BR-013,Pooja Kulkarni,POD_8650.pdf,2026-08-20 02:00:00,Approved
POD-0127,LR-8651,CN-90651,CUST-0148,BR-016,Santosh Pawar,POD_8651.pdf,2026-08-17 09:00:00,Approved
POD-0128,LR-8652,CN-90652,CUST-0116,BR-010,Gopal Kale,POD_8652.jpg,2026-08-02 01:00:00,Verified
POD-0129,LR-8653,CN-90653,CUST-0161,BR-005,Tarun Patel,POD_8653.pdf,2026-07-19 03:00:00,Verified
POD-0130,LR-8654,CN-90654,CUST-0145,BR-011,Imran Shaikh,POD_8654.jpg,2026-07-17 06:00:00,Approved
POD-0131,LR-8655,CN-90655,CUST-0058,BR-007,Imran Shaikh,POD_8655.jpg,2026-07-23 03:00:00,Verified
POD-0132,LR-8656,CN-90656,CUST-0050,BR-014,Ramesh Yadav,POD_8656.pdf,2026-08-09 01:00:00,Verified
POD-0133,LR-8657,CN-90657,CUST-0013,BR-012,Amardip Jain,POD_8657.jpg,2026-07-22 02:00:00,Approved
POD-0134,LR-8658,CN-90658,CUST-0079,BR-018,Gopal Kale,POD_8658.jpg,2026-07-30 04:00:00,Approved
POD-0135,LR-8659,CN-90659,CUST-0017,BR-013,Imran Shaikh,POD_8659.jpg,2026-08-14 04:00:00,Verified
POD-0136,LR-8660,CN-90660,CUST-0170,BR-014,Yogesh Jha,POD_8660.jpg,2026-07-28 05:00:00,Uploaded
POD-0137,LR-8663,CN-90663,CUST-0164,BR-002,Mahesh Yadav,POD_8663.pdf,2026-08-24 12:00:00,Approved
POD-0138,LR-8664,CN-90664,CUST-0072,BR-005,Gopal Kale,POD_8664.jpg,2026-07-16 06:00:00,Approved
POD-0139,LR-8665,CN-90665,CUST-0022,BR-011,Sunita Mehta,POD_8665.pdf,2026-08-30 07:00:00,Verified
POD-0140,LR-8666,CN-90666,CUST-0114,BR-006,Rajesh Nair,POD_8666.pdf,2026-08-20 08:00:00,Uploaded
POD-0141,LR-8667,CN-90667,CUST-0005,BR-013,Yogesh Jha,POD_8667.pdf,2026-08-09 10:00:00,Verified
POD-0142,LR-8668,CN-90668,CUST-0014,BR-011,Lata Sai,POD_8668.jpg,2026-08-10 04:00:00,Approved
POD-0143,LR-8669,CN-90669,CUST-0047,BR-007,Suresh Khan,POD_8669.jpg,2026-08-12 03:00:00,Uploaded
POD-0144,LR-8670,CN-90670,CUST-0154,BR-011,Ramesh Verma,POD_8670.jpg,2026-08-19 08:00:00,Uploaded
POD-0145,LR-8671,CN-90671,CUST-0010,BR-012,Anil Sinha,POD_8671.jpg,2026-08-08 01:00:00,Uploaded
POD-0146,LR-8672,CN-90672,CUST-0206,BR-011,,,,Pending
POD-0147,LR-8673,CN-90673,CUST-0029,BR-017,Gopal More,POD_8673.pdf,2026-08-25 01:00:00,Approved
POD-0148,LR-8674,CN-90674,CUST-0170,BR-014,Prakash Singh,POD_8674.jpg,2026-08-06 08:00:00,Uploaded
POD-0149,LR-8675,CN-90675,CUST-0181,BR-001,Vikram Gupta,POD_8675.jpg,2026-08-26 01:00:00,Approved
POD-0150,LR-8676,CN-90676,CUST-0184,BR-013,Rohit Wankhede,POD_8676.jpg,2026-08-01 09:00:00,Approved
POD-0151,LR-8677,CN-90677,CUST-0060,BR-008,Sanjay Khan,POD_8677.pdf,2026-07-31 01:00:00,Approved
POD-0152,LR-8678,CN-90678,CUST-0101,BR-008,Gopal Kale,POD_8678.jpg,2026-08-17 06:00:00,Verified
POD-0153,LR-8679,CN-90679,CUST-0040,BR-013,Rajesh Malhotra,POD_8679.jpg,2026-08-25 05:00:00,Uploaded
POD-0154,LR-8680,CN-90680,CUST-0019,BR-010,Neha Deshmukh,POD_8680.pdf,2026-08-24 08:00:00,Approved
POD-0155,LR-8681,CN-90681,CUST-0033,BR-005,,,,Pending
POD-0156,LR-8682,CN-90682,CUST-0129,BR-001,Anil Verma,POD_8682.jpg,2026-08-06 12:00:00,Approved
POD-0157,LR-8683,CN-90683,CUST-0080,BR-012,Tarun Rathod,POD_8683.jpg,2026-07-31 02:00:00,Uploaded
POD-0158,LR-8684,CN-90684,CUST-0016,BR-001,Ramesh Joshi,POD_8684.pdf,2026-08-20 02:00:00,Approved
POD-0159,LR-8685,CN-90685,CUST-0121,BR-010,Lata Sai,POD_8685.jpg,2026-08-06 11:00:00,Uploaded
POD-0160,LR-8686,CN-90686,CUST-0070,BR-011,Manoj Jha,POD_8686.jpg,2026-08-06 08:00:00,Approved
POD-0161,LR-8687,CN-90687,CUST-0126,BR-010,Yogesh Kale,POD_8687.jpg,2026-08-08 12:00:00,Verified
POD-0162,LR-8688,CN-90688,CUST-0157,BR-006,Prakash Singh,POD_8688.jpg,2026-07-20 09:00:00,Approved
POD-0163,LR-8689,CN-90689,CUST-0173,BR-016,Vikas Dubey,POD_8689.jpg,2026-08-07 02:00:00,Approved
POD-0164,LR-8690,CN-90690,CUST-0188,BR-004,Prakash Singh,POD_8690.pdf,2026-08-25 12:00:00,Approved
POD-0165,LR-8691,CN-90691,CUST-0096,BR-010,,,,Pending
POD-0166,LR-8692,CN-90692,CUST-0130,BR-013,Lata Kulkarni,POD_8692.jpg,2026-07-26 12:00:00,Verified
POD-0167,LR-8693,CN-90693,CUST-0039,BR-014,Santosh Pawar,POD_8693.jpg,2026-08-07 01:00:00,Verified
POD-0168,LR-8694,CN-90694,CUST-0108,BR-014,Imran Shaikh,POD_8694.pdf,2026-07-25 09:00:00,Uploaded
POD-0169,LR-8696,CN-90696,CUST-0124,BR-003,Ramesh Verma,POD_8696.pdf,2026-08-06 05:00:00,Verified
POD-0170,LR-8699,CN-90699,CUST-0187,BR-015,Rajesh Malhotra,POD_8699.jpg,2026-08-07 02:00:00,Approved
POD-0171,LR-8701,CN-90701,CUST-0020,BR-001,Vikram Khan,POD_8701.jpg,2026-07-17 10:00:00,Uploaded
POD-0172,LR-8702,CN-90702,CUST-0013,BR-012,Santosh Pawar,POD_8702.pdf,2026-08-24 10:00:00,Uploaded
POD-0173,LR-8704,CN-90704,CUST-0208,BR-009,Tarun Rathod,POD_8704.pdf,2026-08-26 02:00:00,Uploaded
POD-0174,LR-8705,CN-90705,CUST-0070,BR-011,Ramesh Yadav,POD_8705.jpg,2026-08-05 09:00:00,Uploaded
POD-0175,LR-8706,CN-90706,CUST-0072,BR-005,Sunita Mehta,POD_8706.pdf,2026-07-11 04:00:00,Approved
POD-0176,LR-8707,CN-90707,CUST-0069,BR-016,Yogesh Jha,POD_8707.pdf,2026-08-16 12:00:00,Uploaded
POD-0177,LR-8708,CN-90708,CUST-0190,BR-015,Imran Shaikh,POD_8708.jpg,2026-08-23 09:00:00,Approved
POD-0178,LR-8709,CN-90709,CUST-0204,BR-007,Amardip Jain,POD_8709.jpg,2026-07-10 07:00:00,Approved
POD-0179,LR-8710,CN-90710,CUST-0091,BR-001,Sameer Verma,POD_8710.jpg,2026-08-20 11:00:00,Uploaded
POD-0180,LR-8711,CN-90711,CUST-0114,BR-006,Sameer Verma,POD_8711.jpg,2026-07-29 02:00:00,Uploaded
POD-0181,LR-8714,CN-90714,CUST-0098,BR-001,Imran Sinha,POD_8714.pdf,2026-08-20 12:00:00,Approved
POD-0182,LR-8715,CN-90715,CUST-0132,BR-003,Pooja Kulkarni,POD_8715.jpg,2026-08-20 01:00:00,Verified
POD-0183,LR-8716,CN-90716,CUST-0007,BR-001,Pooja Kulkarni,POD_8716.jpg,2026-08-13 09:00:00,Approved
POD-0184,LR-8717,CN-90717,CUST-0150,BR-014,Jaspreet Bhosale,POD_8717.jpg,2026-08-28 10:00:00,Verified
POD-0185,LR-8718,CN-90718,CUST-0074,BR-007,Sanjay Kulkarni,POD_8718.jpg,2026-08-15 05:00:00,Uploaded
POD-0186,LR-8720,CN-90720,CUST-0053,BR-010,Anil Sinha,POD_8720.pdf,2026-08-16 01:00:00,Approved
POD-0187,LR-8721,CN-90721,CUST-0160,BR-015,Vikram Khan,POD_8721.jpg,2026-08-10 04:00:00,Approved
POD-0188,LR-8722,CN-90722,CUST-0074,BR-007,Suresh Khan,POD_8722.pdf,2026-08-08 05:00:00,Approved
POD-0189,LR-8723,CN-90723,CUST-0022,BR-011,Tarun Patel,POD_8723.pdf,2026-08-23 04:00:00,Uploaded
POD-0190,LR-8724,CN-90724,CUST-0017,BR-013,Jaspreet Bhosale,POD_8724.jpg,2026-08-07 05:00:00,Uploaded
POD-0191,LR-8725,CN-90725,CUST-0050,BR-014,Rajesh Nair,POD_8725.jpg,2026-08-27 07:00:00,Approved
POD-0192,LR-8726,CN-90726,CUST-0177,BR-005,Ramesh Verma,POD_8726.pdf,2026-08-17 09:00:00,Verified
POD-0193,LR-8727,CN-90727,CUST-0183,BR-012,Anil Sinha,POD_8727.pdf,2026-08-01 09:00:00,Uploaded
POD-0194,LR-8729,CN-90729,CUST-0073,BR-004,Ramesh Verma,POD_8729.jpg,2026-08-08 12:00:00,Verified
POD-0195,LR-8730,CN-90730,CUST-0026,BR-005,Lata Sai,POD_8730.pdf,2026-07-15 05:00:00,Uploaded
POD-0196,LR-8731,CN-90731,CUST-0015,BR-009,Amardip Jain,POD_8731.pdf,2026-08-17 06:00:00,Approved
POD-0197,LR-8733,CN-90733,CUST-0194,BR-011,Imran Singh,POD_8733.pdf,2026-08-15 01:00:00,Approved
POD-0198,LR-8734,CN-90734,CUST-0207,BR-002,Tarun Rathod,POD_8734.jpg,2026-08-23 10:00:00,Approved
POD-0199,LR-8735,CN-90735,CUST-0152,BR-017,Imran Singh,POD_8735.pdf,2026-08-20 03:00:00,Approved
POD-0200,LR-8736,CN-90736,CUST-0059,BR-009,Farida Chavan,POD_8736.pdf,2026-08-22 01:00:00,Uploaded
POD-0201,LR-8737,CN-90737,CUST-0140,BR-001,Nandini Gupta,POD_8737.pdf,2026-07-10 06:00:00,Approved
POD-0202,LR-8738,CN-90738,CUST-0212,BR-010,Gopal More,POD_8738.jpg,2026-08-03 11:00:00,Verified
POD-0203,LR-8739,CN-90739,CUST-0116,BR-010,Mahesh Dubey,POD_8739.pdf,2026-08-14 03:00:00,Verified
POD-0204,LR-8742,CN-90742,CUST-0152,BR-017,Sanjay Joshi,POD_8742.jpg,2026-07-25 10:00:00,Approved
POD-0205,LR-8743,CN-90743,CUST-0072,BR-005,Imran Singh,POD_8743.jpg,2026-08-06 11:00:00,Approved
POD-0206,LR-8744,CN-90744,CUST-0006,BR-012,Sanjay Kulkarni,POD_8744.jpg,2026-08-11 10:00:00,Verified
POD-0207,LR-8745,CN-90745,CUST-0151,BR-010,Vikram Gupta,POD_8745.jpg,2026-08-10 11:00:00,Verified
POD-0208,LR-8746,CN-90746,CUST-0010,BR-012,Vikas Dubey,POD_8746.jpg,2026-08-11 07:00:00,Approved
POD-0209,LR-8747,CN-90747,CUST-0179,BR-011,Lata Sai,POD_8747.pdf,2026-08-09 06:00:00,Verified
POD-0210,LR-8748,CN-90748,CUST-0086,BR-008,Vikram Khan,POD_8748.pdf,2026-07-23 05:00:00,Verified
POD-0211,LR-8749,CN-90749,CUST-0014,BR-011,Tarun Patel,POD_8749.jpg,2026-07-26 09:00:00,Approved
POD-0212,LR-8750,CN-90750,CUST-0015,BR-009,Imran Singh,POD_8750.jpg,2026-08-14 10:00:00,Approved
POD-0213,LR-8751,CN-90751,CUST-0178,BR-008,Sanjay Khan,POD_8751.pdf,2026-07-15 12:00:00,Approved
POD-0214,LR-8753,CN-90753,CUST-0208,BR-009,Nandini Gupta,POD_8753.jpg,2026-08-19 05:00:00,Verified
POD-0215,LR-8754,CN-90754,CUST-0144,BR-005,Jaspreet Bhosale,POD_8754.jpg,2026-08-19 06:00:00,Verified
POD-0216,LR-8755,CN-90755,CUST-0193,BR-016,Anil Verma,POD_8755.jpg,2026-08-19 11:00:00,Verified
POD-0217,LR-8757,CN-90757,CUST-0007,BR-001,Pooja Kulkarni,POD_8757.jpg,2026-08-04 03:00:00,Approved
POD-0218,LR-8758,CN-90758,CUST-0120,BR-004,Yogesh Kale,POD_8758.jpg,2026-08-10 08:00:00,Verified
POD-0219,LR-8759,CN-90759,CUST-0195,BR-015,Raghunath Jha,POD_8759.jpg,2026-07-26 08:00:00,Approved
POD-0220,LR-8760,CN-90760,CUST-0184,BR-013,Ramesh Malhotra,POD_8760.jpg,2026-08-19 04:00:00,Uploaded
POD-0221,LR-8761,CN-90761,CUST-0056,BR-005,Santosh Pawar,POD_8761.jpg,2026-08-29 09:00:00,Approved
POD-0222,LR-8762,CN-90762,CUST-0019,BR-010,Imran Sinha,POD_8762.jpg,2026-08-07 08:00:00,Approved
POD-0223,LR-8763,CN-90763,CUST-0114,BR-006,Prakash Mehta,POD_8763.pdf,2026-08-08 03:00:00,Approved
POD-0224,LR-8764,CN-90764,CUST-0049,BR-016,Imran Shaikh,POD_8764.pdf,2026-08-07 02:00:00,Verified
POD-0225,LR-8766,CN-90766,CUST-0131,BR-004,Imran Singh,POD_8766.jpg,2026-08-14 09:00:00,Uploaded
POD-0226,LR-8767,CN-90767,CUST-0119,BR-011,,,,Pending
POD-0227,LR-8769,CN-90769,CUST-0160,BR-015,Anil Sinha,POD_8769.jpg,2026-08-21 03:00:00,Verified
POD-0228,LR-8770,CN-90770,CUST-0154,BR-011,,,,Pending
POD-0229,LR-8772,CN-90772,CUST-0105,BR-001,Neha Deshmukh,POD_8772.jpg,2026-07-26 05:00:00,Uploaded
POD-0230,LR-8773,CN-90773,CUST-0121,BR-010,Rajesh Malhotra,POD_8773.jpg,2026-08-01 09:00:00,Uploaded
POD-0231,LR-8774,CN-90774,CUST-0006,BR-012,Rajesh Nair,POD_8774.jpg,2026-08-09 07:00:00,Verified
POD-0232,LR-8775,CN-90775,CUST-0160,BR-015,Ramesh Verma,POD_8775.jpg,2026-07-15 04:00:00,Approved
POD-0233,LR-8777,CN-90777,CUST-0067,BR-004,Mahesh Yadav,POD_8777.pdf,2026-07-16 11:00:00,Approved
POD-0234,LR-8778,CN-90778,CUST-0157,BR-006,Lata Sai,POD_8778.jpg,2026-08-17 05:00:00,Uploaded
POD-0235,LR-8779,CN-90779,CUST-0002,BR-014,Jaspreet Bhosale,POD_8779.jpg,2026-07-06 03:00:00,Verified
POD-0236,LR-8780,CN-90780,CUST-0017,BR-013,Vikram Khan,POD_8780.pdf,2026-08-19 09:00:00,Verified
POD-0237,LR-8781,CN-90781,CUST-0116,BR-010,Rajesh Malhotra,POD_8781.pdf,2026-08-28 10:00:00,Uploaded
POD-0238,LR-8782,CN-90782,CUST-0050,BR-014,Anil Sinha,POD_8782.jpg,2026-08-18 12:00:00,Uploaded
POD-0239,LR-8783,CN-90783,CUST-0061,BR-011,Suresh Khan,POD_8783.jpg,2026-08-20 02:00:00,Uploaded
POD-0240,LR-8785,CN-90785,CUST-0061,BR-011,Vikas Dubey,POD_8785.jpg,2026-08-26 06:00:00,Verified
POD-0241,LR-8786,CN-90786,CUST-0209,BR-011,Lata Kulkarni,POD_8786.jpg,2026-08-02 01:00:00,Verified
POD-0242,LR-8787,CN-90787,CUST-0073,BR-004,Tarun Rathod,POD_8787.jpg,2026-07-17 11:00:00,Approved
POD-0243,LR-8788,CN-90788,CUST-0205,BR-001,Lata Kulkarni,POD_8788.pdf,2026-08-06 12:00:00,Approved
POD-0244,LR-8790,CN-90790,CUST-0120,BR-004,Sanjay Kulkarni,POD_8790.pdf,2026-07-22 08:00:00,Approved
POD-0245,LR-8791,CN-90791,CUST-0172,BR-013,,,,Pending
POD-0246,LR-8792,CN-90792,CUST-0169,BR-008,Vikram Gupta,POD_8792.pdf,2026-08-06 11:00:00,Approved
POD-0247,LR-8793,CN-90793,CUST-0195,BR-015,Imran Shaikh,POD_8793.jpg,2026-08-12 09:00:00,Verified
POD-0248,LR-8794,CN-90794,CUST-0038,BR-005,Ramesh Verma,POD_8794.pdf,2026-08-14 11:00:00,Approved
POD-0249,LR-8795,CN-90795,CUST-0203,BR-008,Lata Kulkarni,POD_8795.jpg,2026-08-02 02:00:00,Approved
POD-0250,LR-8796,CN-90796,CUST-0082,BR-012,Suresh Khan,POD_8796.jpg,2026-07-25 12:00:00,Approved
POD-0251,LR-8797,CN-90797,CUST-0063,BR-016,Sanjay Khan,POD_8797.jpg,2026-08-17 10:00:00,Approved
POD-0252,LR-8798,CN-90798,CUST-0146,BR-013,Yogesh Jha,POD_8798.pdf,2026-07-28 12:00:00,Approved
POD-0253,LR-8800,CN-90800,CUST-0096,BR-010,Farida Chavan,POD_8800.jpg,2026-07-10 11:00:00,Approved
POD-0254,LR-8801,CN-90801,CUST-0136,BR-010,Sameer Verma,POD_8801.jpg,2026-07-17 04:00:00,Uploaded
POD-0255,LR-8802,CN-90802,CUST-0047,BR-007,Jaspreet Bhosale,POD_8802.jpg,2026-07-25 09:00:00,Uploaded
POD-0256,LR-8803,CN-90803,CUST-0048,BR-005,Yogesh Kale,POD_8803.jpg,2026-08-20 10:00:00,Approved
POD-0257,LR-8804,CN-90804,CUST-0100,BR-007,Jaspreet Bhosale,POD_8804.jpg,2026-08-29 03:00:00,Verified
POD-0258,LR-8806,CN-90806,CUST-0056,BR-005,Anil Verma,POD_8806.jpg,2026-08-07 08:00:00,Approved
POD-0259,LR-8807,CN-90807,CUST-0080,BR-012,Rohit Wankhede,POD_8807.jpg,2026-08-18 11:00:00,Approved
POD-0260,LR-8808,CN-90808,CUST-0083,BR-009,Ravi Mehta,POD_8808.jpg,2026-08-15 05:00:00,Approved
POD-0261,LR-8809,CN-90809,CUST-0013,BR-012,Ramesh Malhotra,POD_8809.pdf,2026-08-22 09:00:00,Verified
POD-0262,LR-8810,CN-90810,CUST-0063,BR-016,Tarun Patel,POD_8810.jpg,2026-08-09 12:00:00,Approved
POD-0263,LR-8811,CN-90811,CUST-0206,BR-011,Lata Sai,POD_8811.jpg,2026-07-24 02:00:00,Approved
POD-0264,LR-8812,CN-90812,CUST-0103,BR-011,Mahesh Yadav,POD_8812.jpg,2026-08-26 12:00:00,Verified
POD-0265,LR-8813,CN-90813,CUST-0170,BR-014,Farida Chavan,POD_8813.jpg,2026-07-30 12:00:00,Approved
POD-0266,LR-8814,CN-90814,CUST-0064,BR-010,Nandini Gupta,POD_8814.pdf,2026-07-29 08:00:00,Approved
POD-0267,LR-8815,CN-90815,CUST-0105,BR-001,Prakash Mehta,POD_8815.pdf,2026-08-12 01:00:00,Approved
